name,customer_name,alias,customer_type,customer_group,territory,payment_terms,default_currency,tax_id,primary_address,customer_primary_contact,disabled
KH-00001,CÔNG TY TNHH ACE PHÁT TÀI,ACE PHAT TAI,Company,,Việt Nam,,VND,,"Thôn Đỗ Thượng, Xã Ân Thi, Tỉnh Hưng Yên, Việt Nam",,0
KH-00002,CÔNG TY TNHH SẢN XUẤT VÀ THƯƠNG MẠI ACOTA,ACOTA,Company,,Việt Nam,,VND,0700920852,"Tổ dân phố Đông Hải, Phường Duy Hà, Ninh Bình",,0
KH-00003,Công ty TNHH TM & DV MTV ANH PHÚC,AKA,Company,,Việt Nam,,VND,,"TDP Đức Liễn, Phường Việt Yên, tỉnh Bắc Ninh",,0
KH-00004,CÔNG TY TNHH SẢN XUẤT VÀ THƯƠNG MẠI ĐIỆP ĐỨC,ANDARD,Company,,Việt Nam,,VND,,"KCN hải Hưng , Ninh Bình",,0
KH-00005,CÔNG TY TNHH TIỆP ANH HƯƠNG,ANHHUONG,Company,,Việt Nam,,VND,0601296785,"Thôn An Hạ, Xã Vũ Dương, Ninh Bình",,0
KH-00006,CÔNG TY TNHH DV TM TRANG THIẾT BỊ Y TẾ BĂNG AN PRO,AN PRO,Company,,Việt Nam,,VND,4101609035,"Nhơn Sơn, Xã Kim Sơn, Gia Lai",,0
KH-00007,CÔNG TY TNHH ĐẦU TƯ VÀ THƯƠNG MẠI AN SINH LỘC,ANSINHLOC,Company,,Việt Nam,,VND,,"Thôn Đôn Thư, xã Trường Tân, TP Hải Phòng",,0
KH-00008,CÔNG TY TNHH ARIX VIỆT NAM,ARIX VN,Company,,Việt Nam,,VND,0319158880,"Số 51 đường 10, Khu dân cư Sông Đà, Khu phố 57, Phường Hiệp Bình, TP Hồ Chí Minh",,0
KH-00009,CÔNG TY CỔ PHẦN DƯỢC - THIẾT BỊ Y TẾ ÂU MỸ,AU MY,Company,,Việt Nam,,VND,0106048844,"Số 39 liền kề I, khu đô thị mới An Hưng, Phường Dương Nội, TP Hà Nội",,0
KH-00010,CÔNG TY TNHH MỸ PHẨM AVATAR VIỆT NAM,AVATAR VN,Company,,Việt Nam,,VND,,"Thừa đất số 1007, tờ bản đồ số 1, ấp 2, xã Long Cang, Tỉnh Tây Ninh, Việt Nam",,0
KH-00011,CÔNG TY TNHH SẢN XUẤT THƯƠNG MẠI DỊCH VỤ XNK AZ88,AZ88,Company,,Việt Nam,,VND,,"361/60/70D Nguyễn Thị Sáng, Ấp 43, Xã Đông Thạnh, TP. Hồ Chí Minh",,0
KH-00012,CÔNG TY TNHH THƯƠNG MẠI DỊCH VỤ SẢN XUẤT AZENKA,AZENKA,Company,,Việt Nam,,VND,,"76/11 Ấp 1 ,Xã Bà Điểm ,TP Hồ Chí Minh",,0
KH-00013,CÔNG TY CỔ PHẦN SX TM KSC VIỆT NAM,BELLA,Company,,Việt Nam,,VND,,"33/1 Nguyễn Văn Cừ, Chánh Mỹ, Thủ Dầu Một, Bình Dương",,0
KH-00014,CÔNG TY TNHH FASTER & BIGGER,BIGGER,Company,,Việt Nam,,VND,3703438184,"E1-12 khu đô thị Thịnh Gia, Tổ 8, Khu phố 4, Phường Hòa Lợi, TP Hồ Chí Minh",,0
KH-00015,CÔNG TY TNHH ZEUS TECHNOLOGY,BLUUM,Company,,Việt Nam,,VND,0316407289,"Tầng 2, Số 21 Đường Võ Trường Toản, Phường An Khánh, TP Hồ Chí Minh",,0
KH-00016,CÔNG TY TNHH SẢN XUẤT VÀ THƯƠNG MẠI PHÁT BẢO NGỌC,BM CROWN MY,Company,,Việt Nam,,VND,,"tổ 9, ấp Suối Dập, xã Thái Bình, huyện Châu Thành, tỉnh Tây Ninh",,0
KH-00017,Nguyễn Thị Xuân Mỹ,CAFE HUONGMY,Company,,Việt Nam,,VND,066163002488,"545 Hùng Vương, Phường Buôn Hồ, Đắk Lắk",,0
KH-00018,CÔNG TY CỔ PHẦN QUỐC TẾ CARA,CARA,Company,,Việt Nam,,VND,,"Số 216 Nguyễn Hữu Cảnh , Phường Quảng Phú ,Tỉnh Thanh Hóa",,0
KH-00019,CÔNG TY CP ĐÀU TƯ LIÊN DOANH SX HÓA MỸ PHẨM CAO CẤP  VIỆT NHẬT,CC VIET NHAT,Company,,Việt Nam,,VND,,"Số 2 ngõ 250/8 phố Tân Mai, Phường Thịnh Liệt, Quận Hoàng Mai, Hà Nội",,0
KH-00020,HỘ KINH DOANH NGUYỄN THỊ XUÂN MỸ,CFHUONGMY,Individual,,Việt Nam,,VND,,"545 Hùng Vương, Phường Buôn Hồ, Tỉnh Đắk Lắk",,0
KH-00021,CÔNG TY CỔ PHẦN CHAN FOOD,CHANFOOD,Company,,Việt Nam,,VND,,"68 Nguyễn Huệ, Phường Bến Nghé, Quận 1, TP. Hồ Chí Minh",,0
KH-00022,CÔNG TY TNHH PHÁT TRIỂN THƯƠNG MẠI CHÂU LONG,CHAU LONG,Company,,Việt Nam,,VND,2500641615,"Khu HC 2, Phường Vĩnh Phúc, Phú Thọ",,0
KH-00023,chị Mỹ Ngọc,CHERRY,Individual,,Việt Nam,,VND,,"quán Thỏ, khu sao mai, đối diện nhà trọ út phiến, tịnh biên, an giang",,0
KH-00024,CÔNG TY TNHH THƯƠNG MẠI - XNK T&Đ VIỆT NAM,CHOOSE ME,Company,,Việt Nam,,VND,,"Hòa Phú, Phú Cát, Quốc Oai, Thành phố Hà Nội",,0
KH-00025,CÔNG TY CỔ PHẦN NÔNG NGHIỆP CÔNG NGHỆ CAO BẢO THY GIA LAI,CHUOI BAOTHY,Company,,Việt Nam,,VND,5901088016,"689 Lê Duẩn, Xã Chư á, Thành phố  Pleiku, Tỉnh Gia Lai",,0
KH-00026,CÔNG TY TNHH TM DV SX CICI VIỆT NAM,CICI,Company,,Việt Nam,,VND,,"Thạnh Lộc 37 , Phường An Phú Đông ,Tp Hcm",,0
KH-00027,CÔNG TY TNHH PHÁT TRIỂN THƯƠNG MẠI NHAN GIA PHÁT,CLEANS,Company,,Việt Nam,,VND,,"85/15A Nguyễn Hữu Dật, P. Tây Thạnh, Q. Tân Phú",,0
KH-00028,Tiền cọc tiền hàng của CÔNG TY CỔ PHẦN DS COSMETIC,DS COSMETIC,Company,,Việt Nam,,VND,,"Số 11A, đường Lê Văn Tách, khu phố Bình Đường 1, Phường An Bình, Thành phố Dĩ An, Bình Dương",,1
KH-00029,CÔNG TY CỔ PHẦN TRUYỀN THÔNG Y HỌC CỔ TRUYỀN VIỆT NAM,COTRUYENVN,Company,,Việt Nam,,VND,0106146094,"NR: Ông Trần Văn Quyết, xóm 10, thôn Đức Lân, Xã Văn Môn, Bắc Ninh",,0
KH-00030,Nhân viên công ty VP,CTVP,Company,,Việt Nam,,VND,,,,0
KH-00031,CÔNG TY TNHH SX VÀ TMDV CƯỜNG NGUYỄN,CUONGNGUYEN,Company,,Việt Nam,,VND,3200756631,"Thôn Nam Xuân Đức, Xã Lao Bảo, Quảng Trị",,0
KH-00032,CƠ SỞ ĐẠI NGUYÊN,ĐAI NGUYEN,Individual,,Việt Nam,,VND,,Thôn làng như . Xã thượng hồng .thành phố Hải PhònG,,0
KH-00033,CÔNG TY TNHH HÓA PHẨM ĐĂNG KHOA,DANG KHOA,Company,,Việt Nam,,VND,2401066900,"Thôn Dĩnh Lục 2, Xã Tân Dĩnh, Bắc Ninh",,0
KH-00034,CÔNG TY TNHH DANY VIỆT NAM,DANYVIETNAM,Company,,Việt Nam,,VND,0316655482,"Số 7 Đường số 10, Khu phố 2, Phường Long Trường, TP Hồ Chí Minh",,0
KH-00035,CÔNG TY TNHH SẢN XUẤT & THƯƠNG MẠI ANH LÂM,DEGO,Company,,Việt Nam,,VND,3002273294,"Thôn Tân Giang, Xã Kỳ Anh, Tỉnh Hà Tĩnh",,0
KH-00036,Công ty cổ phần dược mỹ phẩm và thời trang ONA,DHI,Company,,Việt Nam,,VND,,"LKB01, khu đô thị 379 Phan Bá Vành, Phường Trần Hưng Đạo, Tỉnh Hưng Yên",,0
KH-00037,CÔNG TY TNHH DL SWEETS,DL SWEETS,Company,,Việt Nam,,VND,,"2064 Phạm Thế Hiển, Phường Bình Đông, Thành phố Hồ Chí Minh",,0
KH-00038,CÔNG TY TNHH MAI HOA ĐÔNG DƯƠNG,DONGDUONG,Company,,Việt Nam,,VND,,"12 Láng Cát, Tân Hải, TX Phú Mỹ, Tỉnh Bà Rịa Vũng Tàu, Việt Nam",,0
KH-00039,CÔNG TY TNHH SAHAKA VIỆT NAM,DPCLEAN,Company,,Việt Nam,,VND,,"40 đường 9, khu phố 3, Phường Phước Long, TP Hồ Chí Minh, Việt Nam",,0
KH-00040,CÔNG TY TNHH THƯƠNG MẠI VÀ DỊCH VỤ DPDG,DPDG,Company,,Việt Nam,,VND,2902223015,"Xóm 11, Xã Hùng Châu, Nghệ An",,0
KH-00041,CÔNG TY TNHH ĐẦU TƯ XÂY DỰNG ĐỨC HIỀN,DUCHIEN,Company,,Việt Nam,,VND,3502532814,"Số 78/81 Đường Đô Lương, Phường Phước Thắng, TP Hồ Chí Minh",,0
KH-00042,TỔNG KHO PHÂN PHỐI ĐỨC HOÀN,DUCHOAN,Company,,Việt Nam,,VND,,"thôn Vân Tra, xã An Đồn,Huyện An Dương, TP. Hải phòng",,0
KH-00043,HỘ KINH DOANH NGUYỄN THỊ THÚY,DUMAN,Individual,,Việt Nam,,VND,,"Khu phố Doãn Thượng, phường Xuân Lâm, thị xã Thuận Thành, tỉnh Bắc Ninh, Việt Nam",,0
KH-00044,CÔNG TY CỔ PHẦN SẢN XUẤT THƯƠNG MẠI DỊCH VỤ DƯƠNG NGỌC ANH,DUONGNGOCANH,Company,,Việt Nam,,VND,3702531448,"1A2/172 tổ 2, đường DA8, khu phố Hòa Lân 2, Phường Thuận Giao, TP Hồ Chí Minh",,0
KH-00045,CÔNG TY TNHH DƯƠNG PHÁT HT,DUONGPHATHT,Company,,Việt Nam,,VND,3002283278,"Số nhà 03, ngõ 2, đường 19/8, Xã Thạch Hà, Hà Tĩnh",,0
KH-00046,HỘ KINH DOANH FIVE STARS,FAMBAM,Individual,,Việt Nam,,VND,,"K182/1 Hoàng Diệu, Phường Hải Châu II, Quận Hải Châu, TP. HCM",,0
KH-00047,CÔNG TY TNHH THƯƠNG MẠI VÀ THIẾT BỊ STECH VINA,FAMILY,Company,,Việt Nam,,VND,,"243/33/37 Mã Lò, Phường Bình Trị Đông, TP. Hồ Chí MinH",,0
KH-00048,CÔNG TY TNHH THƯƠNG MẠI XUẤT NHẬP KHẨU FANI,FANI,Company,,Việt Nam,,VND,0109722010,"Đường 16, Thôn Đông, Xã Sóc Sơn, TP Hà Nội",,0
KH-00049,CÔNG TY TNHH sản xuất & thương mại mai khiết,FENKUN,Company,,Việt Nam,,VND,,"tổ 2 khóm Tân Hiệp A, thị trấn Óc Eo, huyện Thoại Sơn, tỉnh An Giang",,0
KH-00050,CÔNG TY CỔ PHẦN CARITAS FRUITS,FRUITS,Company,,Việt Nam,,VND,,"Tầng 14, Toà nhà HM Town, Số 412 Đường Nguyễn Thị Minh Khai, Phường Bàn Cờ, TP Hồ Chí Minh, Việt Nam",,1
KH-00051,CÔNG TY TNHH SẢN XUẤT VÀ THƯƠNG MẠI PHƯỢNG TOÀN,FUTANIC,Company,,Việt Nam,,VND,,"33 Nguyễn Khả Trạc, Hòa Châu, Hòa Vàng, Đà Nẵng",,0
KH-00052,CÔNG TY CỔ PHẦN SẢN XUẤT THƯƠNG MẠI DỊCH VỤ HOÀNG GIA HUY,GIA HUY,Company,,Việt Nam,,VND,,"73 Đường Bàu Cát 3, Phường 12, Quận Tân Bình, Thành phố Hồ Chí Minh",,0
KH-00053,CÔNG TY CỔ PHẦN SẢN XUẤT VÀ THƯƠNG MẠI G.N.A,GNA,Company,,Việt Nam,,VND,3703297550,"Thửa đất số 610, 693, tờ bản đồ số 50, 47, Tổ 1, Đường Khánh Bình 60, Khu phố Bình Chánh Đông, Phường Tân Hiệp, TP Hồ Chí Minh",,0
KH-00054,CÔNG TY CỔ PHẦN HOÀNG ANH PHÚ,GOOD CARE,Company,,Việt Nam,,VND,0106386882,"Số 43, ngõ 140, đường Ngọc Thụy, Phường Bồ Đề, TP Hà Nội",,0
KH-00055,NGUYỄN THỊ KIM LAN,GOOD WIFE,Company,,Việt Nam,,VND,,,,0
KH-00056,CÔNG TY TNHH THƯƠNG MẠI DƯỢC HÓA MỸ PHẨM GREEN PRO,GREENPRO,Company,,Việt Nam,,VND,,"Xóm Ngũ Lộc , Hưng Lộc , TP Vinh , Tỉnh Nghệ An",,0
KH-00057,CÔNG TY TNHH SX - TM - XNK GST GROUP,GSTGROUP,Company,,Việt Nam,,VND,0318883050,"77A đường Đông Thạnh 4-2, ấp 40, Xã Đông Thạnh, TP Hồ Chí Minh",,0
KH-00058,CÔNG TY TNHH HAEJU FARM,HAEJU FARM,Company,,Việt Nam,,VND,1101837420,"Lô C4a-1, Đường Dọc 2, Khu công nghiệp Phú An Thạnh, Xã Bến Lức, Tây Ninh",,0
KH-00059,CÔNG TY TNHH MỘT THÀNH VIÊN SẢN XUẤT DỊCH VỤ THƯƠNG MẠI TRẦN HẢI LÂM,HAI LAM,Company,,Việt Nam,,VND,1801827957,"8/28 Sông Hậu, Khu vực 3, Trần Phú, Phường Cái Khế, TP Cần Thơ",,0
KH-00060,CÔNG TY TNHH HẢI MINH LD,HAIMINHLD,Company,,Việt Nam,,VND,5801570963,"Hẻm 532, Đường Vòng Lâm Viên, Phường Lâm Viên - Đà Lạt, Lâm Đồng",,0
KH-00061,CÔNG TY TNHH DƯỢC MỸ PHẨM HAPPY LIFE,HAPPY LIFE,Company,,Việt Nam,,VND,0601194832,"Một phần  lô 13+14 cụm công nghiệp An Xá giai đoạn 2, Phường Thành Nam, Ninh Bình",,0
KH-00062,CÔNG TY CỔ PHẦN HẠT VÀ GIA VỊ,HAT & GIA VI,Company,,Việt Nam,,VND,0315161466,"1306/8 Đường Quang Trung, Phường An Hội Tây, TP Hồ Chí Minh",,0
KH-00063,CÔNG TY TNHH MỘT THÀNH VIÊN THƯƠNG MẠI & ĐẦU TƯ HATHI,HATHI,Company,,Việt Nam,,VND,0317748330,"182/28E Lê Văn Sỹ, Phường Phú Nhuận, TP Hồ Chí Minh",,0
KH-00064,CÔNG TY CỔ PHẦN MỸ PHẨM HAZEL COSMETIC,HAZEL COSMETIC,Company,,Việt Nam,,VND,1101860765,"Nhà xưởng C-5, Lô G6, G7, G8, G9 Đường N3, Khu công nghiệp Đông Nam, Xã Bình Mỹ, TP Hồ Chí Minh",,0
KH-00065,CÔNG TY TNHH SẢN XUẤT VÀ THƯƠNG MẠI HITRACO,HITRACO,Company,,Việt Nam,,VND,1602186427,"Số 41/13 Trần Quý Khoáng, Khóm Đông Phú, Phường Long Xuyên, An Giang",,0
KH-00066,CÔNG TY TNHH ĐẦU TƯ THƯƠNG MẠI DỊCH VỤ LÊ TRIẾT,HITRACO3,Company,,Việt Nam,,VND,0318733640,"Số 12 đường 270D, Phường Phước Long, TP Hồ Chí Minh",,0
KH-00067,HỘ KINH DOANH CƠ SỞ SẢN XUẤT HOA NI,HOA NI,Individual,,Việt Nam,,VND,066090017130,"Thôn 5, Xã Ea Kly, Đắk Lắk",,0
KH-00068,CÔNG TY TNHH HÀNG TIÊU DÙNG BÌNH MINH VIỆT NAM,HOMEMY,Company,,Việt Nam,,VND,,"95 thạnh xuân 52, p thạnh xuân, quận 12",,0
KH-00069,CÔNG TY CỔ PHẦN THƯƠNG MẠI HOMEZY,HOMEZY,Company,,Việt Nam,,VND,1501164748,"401F Phước Lợi, Xã Bình Phước, Vĩnh Long",,0
KH-00070,CÔNG TY TNHH SX TM HỒNG GIA PHÁT,HONG GIA PHAT,Company,,Việt Nam,,VND,0317535445,"39/4C Đường Võ Thị Hồi, Xã Xuân Thới Sơn, Thành phố Hồ Chí Minh",,0
KH-00071,CÔNG TY TRÁCH NHIỆM HỮU HẠN THƯƠNG MẠI VÀ SẢN XUẤT HP GROUP,HP GROUP,Company,,Việt Nam,,VND,1602215974,"Ấp Long Hoà 1, Xã Long Kiến, An Giang",,0
KH-00072,Công ty Cổ Phần Đầu Tư Thương Mại & Sản Xuất HT Group,HTGROUP,Company,,Việt Nam,,VND,,"147 đường Xô Viết Nghệ Tĩnh, Tổ Dân Phố 1, Thị trấn Xuân An, huyện Nghi Xuân,  tỉnh Hà Tĩnh",,0
KH-00073,CÔNG TY CP PHÚC HƯNG PHÚC,HUNGPHUC,Company,,Việt Nam,,VND,,"Tổ 15, ấp 5, xã Xuân Hòa, tỉnh Đồng Nai",,0
KH-00074,CÔNG TY TNHH SẢN XUẤTDỊCH VỤ THƯƠNG MẠI HƯNG THỊNH PHÁT,HUNG THINH PHAT,Company,,Việt Nam,,VND,,"Thôn Trại Giếng, Xã Hội Thịnh, Tỉnh Phú Thọ",,0
KH-00075,CÔNG TY TNHH CHĂM SÓC SỨC KHỎE HUY HOÀNG,HUY HOANG,Company,,Việt Nam,,VND,,"thôn Thu Lăng, xã Cẩm Giàng, TP Hải Phòng",,0
KH-00076,CÔNG TY TNHH SẢN XUẤT VÀ THƯƠNG MẠI HUY NGA,HUY NGA,Company,,Việt Nam,,VND,,"168 đường 30/4 khóm 2, Phường 1, TX.Vĩnh Châu, Tỉnh Sóc Trăng",,0
KH-00077,HỘ KINH DOANH THẾ KỶ VÀNG,HYGIENE-TKV,Individual,,Việt Nam,,VND,8876770115-001,"439/13/10 Hồ Học Lãm, Phường An Lạc, TP Hồ Chí Minh",,0
KH-00078,CÔNG TY TNHH HYO SKIN AND LAB,HYO CLEAN,Company,,Việt Nam,,VND,1602158853,"Số 26, Đường số 5, Khu Tây Sông Hậu, Phường Long Xuyên, Tỉnh An Giang",,0
KH-00079,CÔNG TY TNHH THƯƠNG MẠI VÀ SẢN XUẤT A A A HYGIENE,IIYGIENE,Company,,Việt Nam,,VND,,"B1/12A, Ấp2 ,Xã Bình Lợi ,Tphcm",,0
KH-00080,Nhựa Hà Linh,INLUA HA LINH,Company,,Việt Nam,,VND,,"Lô B2, 26-27 đường số 3, KCN Tân Đông Hiệp B, Dĩ An, Bình Dương",,0
KH-00081,CÔNG TY TNHH THƯƠNG MẠI H&H,INNGO,Company,,Việt Nam,,VND,,"số 02, ngõ 94, tổ dân phố Đàm Khánh Tây, Phường Yên Thắng, tỉnh Ninh Bình",,0
KH-00082,Công ty TNHH Sản Xuất Thương Mại KVO Hạnh Phúc,IWA KURA,Company,,Việt Nam,,VND,,"Thôn Kim Đậu , Xã Nam An Phụ , Thành phố Hải Phòng , Việt Nam",,0
KH-00083,JieJie’s Kitchen Campuchia,JIEJIE,Company,,Việt Nam,,VND,,"214/30 Bùi Đình Túy, Phường 12, Bình Thạnh, Hồ Chí Minh",,0
KH-00084,CÔNG TY TNHH THƯƠNG MẠI THỰC PHẨM JMC,JMC,Company,,Việt Nam,,VND,,"18-20 Đường số 6, KP 4, Phường Hiệp Bình,Thành Phố Hồ Chí Minh",,0
KH-00085,CÔNG TY TNHH SH HEALTH,KANG MAY,Company,,Việt Nam,,VND,,"THÔN TIẾN HÓA , XÃ KIM PHÚ,TỈNH QUẢNG TRỊ",,0
KH-00086,CÔNG TY TNHH XUẤT NHẬP KHẨU KẾT NÔNG,Xuất Nhập Khẩu KẾT Nông,Company,,Việt Nam,,VND,0315006943,"119/83 Nguyễn Thị Tần, Phường 2, Quận 8, TP Hồ Chí Minh",,0
KH-00087,CÔNG TY TNHH NHỰA KHẢI VIỆT,Nhựa Khải Việt,Company,,Việt Nam,,VND,1101781947,"898Đ Đường tỉnh 826, ấp 2, Xã Tân Trạch, Huyện Cần Đước, Long An",,0
KH-00088,CÔNG TY TNHH MỘT THÀNH VIÊN THƯƠNG MẠI SẢN XUẤT TRÀ CÀ PHÊ PHÚC THỊNH,TRÀ CÀ PHÊ Phúc Thịnh,Company,,Việt Nam,,VND,0308992614,"86-88 Đường Số 8, Khu phố 8, Phường Bình Hưng Hòa, Quận Bình Tân, TP Hồ Chí Minh",,0
KH-00089,CÔNG TY TNHH DỊCH VỤ - THƯƠNG MẠI - SẢN XUẤT GALAXY MEDICAL,SẢN Xuất GALAXY MEDICAL,Company,,Việt Nam,,VND,0310943082,"120 Đường 27, Phường Bình Trị Đông B, Quận Bình Tân, TP Hồ Chí Minh",,0
KH-00090,CÔNG TY TNHH ĐÔNG THANH CÀN LONG,Đông THANH CÀN LONG,Company,,Việt Nam,,VND,3703233606,"Số 49 Đường N3, Khu nhà ở An Phú, Khu phố 1B, Phường An Phú, Thành phố Thuận An, Bình Dương",,0
KH-00091,CÔNG TY TNHH FISHY VIỆT NAM,FISHY Việt NAM,Company,,Việt Nam,,VND,0314413826,"Số 621/1 Quốc Lộ 1A, Khu phố 3, Phường Linh Xuân, Thành phố Thủ Đức, TP Hồ Chí Minh",,0
KH-00092,CÔNG TY CỔ PHẦN BỆNH VIỆN VẠN AN 1,Bệnh Viện VẠN AN 1,Company,,Việt Nam,,VND,1101444317,"số 352 tuyến tránh quốc lộ 1, ấp 4, Xã Hướng Thọ Phú, Thành phố Tân An, Long An",,0
KH-00093,CÔNG TY TNHH SẢN XUẤT VÀ THƯƠNG MẠI QUỐC TẾ THT PHÚ QUỐC,MẠI Quốc TẾ THT PHÚ Quốc,Company,,Việt Nam,,VND,1702284989,"Tổ 1 ấp Suối Lớn, Xã Dương Tơ, Thành phố Phú Quốc, Kiên Giang",,0
KH-00094,CÔNG TY TNHH ENZY FOOD,ENZY FOOD,Company,,Việt Nam,,VND,0402035066,"Lô D Đường số 4, Khu công nghiệp Hòa Khánh, Phường Hoà Khánh Bắc, Quận Liên Chiểu, Đà Nẵng",,0
KH-00095,CÔNG TY TNHH MỘT THÀNH VIÊN SẢN XUẤT THƯƠNG MẠI GÓC XANH,Xuất Thương MẠI GÓC XANH,Company,,Việt Nam,,VND,0312385154,"Thôn Phước Sơn, Xã Phước Đồng, Thành phố Nha Trang, Khánh Hòa",,0
KH-00096,CÔNG TY TNHH THƯƠNG MẠI DỊCH VỤ SURI & ELLA,MẠI Dịch VỤ SURI & ELLA,Company,,Việt Nam,,VND,0317715952,"85 Tân Cảng, Phường 25, Quận Bình Thạnh, TP Hồ Chí Minh",,0
KH-00097,CÔNG TY TNHH THƯƠNG MẠI JNS VIỆT NAM,Thương MẠI JNS Việt NAM,Company,,Việt Nam,,VND,1101826066,"Số 202B, Đường tỉnh 830C, ấp 3, Xã Lương Hoà, Tỉnh Tây Ninh, Việt Nam.",,0
KH-00098,CÔNG TY CỔ PHẦN DINH DƯỠNG QUỐC TẾ PHARMA ASIA,Dưỡng Quốc TẾ PHARMA ASIA,Company,,Việt Nam,,VND,0315886127,"207 Nhị Bình 3, Xã Nhị Bình, Huyện Hóc Môn, TP Hồ Chí Minh",,0
KH-00099,HỘ KINH DOANH LÊ TUẤN ANH,HỘ KINH DOANH LÊ Tuấn ANH,Individual,,Việt Nam,,VND,33A8016360,"Tổ 10, Thôn Vĩnh Bình, Xã tam Thăng, Thành phố Tam Kỳ,  Quảng Nam",,0
KH-00100,CÔNG TY CỔ PHẦN NÔNG NGHIỆP CÔNG NGHỆ CAO HƯNG SƠN,Công Nghệ CAO Hưng SƠN,Company,,Việt Nam,,VND,5901126409,"689 Lê Duẩn, Xã Chư á, Thành phố  Pleiku, Gia Lai",,0
KH-00101,CÔNG TY TNHH SẢN XUẤT THƯƠNG MẠI DỊCH VỤ AHA FRESH,MẠI Dịch VỤ AHA FRESH,Company,,Việt Nam,,VND,0318736761,"Số 77 Đường số 2, Phường Bình Hưng Hòa B, Quận Bình Tân, TP Hồ Chí Minh",,0
KH-00102,CÔNG TY TNHH HÓA MỸ PHẨM BBT VIỆT NAM,HÓA MỸ Phẩm BBT Việt NAM,Company,,Việt Nam,,VND,0109407234,"Thôn Thắng Lợi, Xã Phú Minh, Huyện Sóc Sơn, Hà Nội",,0
KH-00103,CÔNG TY TNHH PAVE GLACE,PAVE GLACE,Company,,Việt Nam,,VND,0317207691,"98 Đường 65 Khu định cư Tân quy Đông, Phường Tân Phong, Quận 7, TP Hồ Chí Minh",,0
KH-00104,CÔNG TY TNHH SẢN XUẤT THƯƠNG MẠI DỊCH      VỤ HÓA MỸ PHẨM THIÊN LỘC THÀNH,MỸ Phẩm Thiên LỘC Thành,Company,,Việt Nam,,VND,,"127/39 Đường TA13, Phường Thới An, Quận 12, TP. Hồ Chí Minh",,0
KH-00105,HỘ KINH DOANH ĐẶNG DIỀU TÂM,KINH DOANH Đặng Diều TÂM,Individual,,Việt Nam,,VND,,"50/77 Nguyễn Quý Yêm, Phường An Lạc, Quận Bình Tân, TP Hồ Chí Minh",,0
KH-00106,CÔNG TY TNHH SẢN XUẤT THƯƠNG MẠI CHẾ BIẾN THỰC PHẨM DINH DƯỠNG MEGA,Thực Phẩm DINH Dưỡng MEGA,Company,,Việt Nam,,VND,0314028133,"257 Đường An Phú Đông 3, Khu phố 5, phường An Phú Đông, Quận 12, TP Hồ Chí Minh",,0
KH-00107,CÔNG TY CỔ PHẦN EZ COSMETIC VIỆT NAM - CHI NHÁNH LONG AN,EZ LONG AN,Company,,Việt Nam,,VND,0312378238-004,"Nhà xưởng K2-3, KCN Tân Kim Mở Rộng, Thị trấn Cần Giuộc, Huyện Cần Giuộc, Long An",,0
KH-00108,CÔNG TY TNHH TM DV NGA PHÁT FOOD,NGA Phát FOOD,Company,,Việt Nam,,VND,3702938265,"Thửa đất số 306, Tờ bản đồ số 17, Khu phố Phú Thọ, Phường Phú Chánh, Thành phố Tân Uyên, Bình Dương",,0
KH-00109,CÔNG TY TNHH DỊCH VỤ TỔNG HỢP QUANG ĐẠI PHÁT,Tổng HỢP QUANG ĐẠI Phát,Company,,Việt Nam,,VND,1102008659,"ấp Mới 2, Xã Mỹ Hạnh Nam, Huyện Đức Hoà, Long An",,0
KH-00110,CÔNG TY TNHH SXTM VÀ DỊCH VỤ HÙNG PHÁT,VÀ Dịch VỤ Hùng Phát,Company,,Việt Nam,,VND,2601055409,"Phòng 405, tầng 4, tòa nhà Ocean Park, Số 1, Đào Duy Anh, Phường Phương Mai, Quận Đống đa, Hà Nội",,0
KH-00111,CÔNG TY TNHH THƯƠNG MẠI VÀ DỊCH VỤ HƯƠNG MỸ,MẠI VÀ Dịch VỤ Hương MỸ,Company,,Việt Nam,,VND,6001509016,"Tổ dân phố 2, Phường Đoàn Kết, Thị xã Buôn Hồ, Đắk Lắk",,0
KH-00112,CÔNG TY TNHH MỘT THÀNH VIÊN HÓA MỸ PHẨM WELL,Viên HÓA MỸ Phẩm WELL,Company,,Việt Nam,,VND,1602189178,"Tổ 8, ấp Trung Phú 2, Xã Vĩnh Phú, Huyện Thoại Sơn, An Giang",,0
KH-00113,CÔNG TY CP THƯƠNG MẠI VÀ ĐẦU TƯ NGUYỄN HOLDINGS,VÀ ĐẦU TƯ Nguyễn HOLDINGS,Company,,Việt Nam,,VND,5901189511,"689 Lê Duẩn, Xã Chư á, Thành phố  Pleiku, Gia Lai",,0
KH-00114,CÔNG TY TNHH TMDV QUẢNG CÁO HOÀNG TIẾN,Quảng CÁO Hoàng Tiến,Company,,Việt Nam,,VND,,"513/20 phạm văn bạch, P. tân sơn, tphcm",,0
KH-00115,CÔNG TY TNHH PET UNIVERSE,PET UNIVERSE,Company,,Việt Nam,,VND,0314549979,"D20/530A Trịnh Quang Nghị, Xã Phong Phú, Huyện Bình Chánh, TP Hồ Chí Minh",,0
KH-00116,CÔNG TY CỔ PHẦN QUỐC TẾ GOBII,Quốc TẾ GOBII,Company,,Việt Nam,,VND,0318820290,"L17-11 Tầng 17, Tòa nhà Vincom Center, Số 72 Lê Thánh Tôn, Phường Bến Nghé, Quận 1, TP Hồ Chí Minh",,0
KH-00117,CÔNG TY TNHH ĐẦU TƯ THƯƠNG MẠI MT ECO,ĐẦU TƯ Thương MẠI MT ECO,Company,,Việt Nam,,VND,,"SN 870 Tổ 1, Khu Vĩnh Quang 1, Mạo Khê, Đông Triều",,0
KH-00118,anh phú,Anh Phú,Individual,,Việt Nam,,VND,,"E4/52 Ql 1A , bình trị đông, bình tân",,0
KH-00119,CÔNG TY TNHH ANN PHARMAR,ANN PHARMAR,Company,,Việt Nam,,VND,,"8/4 Nguyễn Xiển, Phường Long Thạnh Mỹ, TP Thủ Đức, TP.HCM",,0
KH-00120,công ty tnhh tư vấn thương mại sản xuất APPA,Thương Mại Sản Xuất APPA,Company,,Việt Nam,,VND,,,,0
KH-00121,CÔNG TY CỔ PHẦN AVA LOGISTICS,AVA LOGISTICS,Company,,Việt Nam,,VND,,"Tầng 8, Tòa nhà HMC số 193 Đinh Tiên Hoàng, Phường Đa Kao, Quận 1,                       TP Hồ Chí Minh",,0
KH-00122,Công ty TNHH Thương mại dịch vụ SABI,Thương Mại Dịch Vụ SABI,Company,,Việt Nam,,VND,,"47 49 51 Lê Văn Thiêm, P. Tân Phong, Quận 7, TP.HCM",,0
KH-00123,CÔNG TY TNHH THƯƠNG MẠI VÀ DỊCH VỤ NGỌC ANH TĐ,VÀ Dịch VỤ Ngọc ANH TĐ,Company,,Việt Nam,,VND,,"Vô Khuy, Cẩm Lĩnh, Ba Vì, Hà Nội, Việt Nam",,0
KH-00124,CÔNG TY TNHH MỘT THÀNH VIÊN DỊCH VỤ THƯƠNG MẠI NÔNG LÂM  NGHIỆP,MẠI Nông LÂM Nghiệp,Company,,Việt Nam,,VND,,"xã Tân Hà, huyện Tân Châu, tỉnh Tây Ninh",,0
KH-00125,CÔNG TY TNHH CAMILLA VIỆT NAM,CAMILLA Việt NAM,Company,,Việt Nam,,VND,,"168 Phố Vác, xã Dân Hòa, TP.Hà Nội",,0
KH-00126,CÔNG TY TNHH DOORE FOODS,DOORE FOODS,Company,,Việt Nam,,VND,0317218781,"164/9 -  164/11 đường số 1, Phường Tân Phú, Quận 7, TP Hồ Chí Minh",,0
KH-00127,CTY TNHH SX - XNK AMYCO,AMYCO,Company,,Việt Nam,,VND,,"Lô A2-A15 Đường số 2, Cụm công nghiệp hải sơn, xã long thượng, huyện cần giuộc, tỉnh long an",,1
KH-00128,Chị Tú Lê,Chị Tú Lê,Individual,,Việt Nam,,VND,,,,0
KH-00129,Công ty tnhh comy việt nam,Comy Việt Nam,Company,,Việt Nam,,VND,,"G9-24 đường 31 KDC 586, phường Phú Thứ, quận Cái Răng, TP. Cần Thơ",,0
KH-00130,CÔNG TY TNHH CRYSTAL GLOBAL,CRYSTAL GLOBAL,Company,,Việt Nam,,VND,2902238283,"Xóm 1, Xã Xuân Lâm, Nghệ An",,0
KH-00131,Đặng Diều Tâm - Táo đỏ,Đặng Diều Tâm Táo Đỏ,Company,,Việt Nam,,VND,,,,0
KH-00132,CÔNG TY TNHH SX VÀ TM SƠN THỊNH,VÀ TM SƠN Thịnh,Company,,Việt Nam,,VND,,"Thôn Hoà Bình, Xã Nghĩa Hoà, H. Tư Nghĩa, Quảng Ngãi",,0
KH-00133,CƠ SỞ SẢN XUẤT CÔNG NGHỆ CAO HT,SẢN Xuất Công Nghệ CAO HT,Individual,,Việt Nam,,VND,,"Thôn Trung Hậu, Xã Lan Mẫu, Huyện Lục Nam, Tỉnh Bắc Giang",,0
KH-00134,CÔNG TY TNHH MTV THỰC PHẨM ĐỈNH GIA,Thực Phẩm Đỉnh GIA,Company,,Việt Nam,,VND,,"45A Hòa Bình, P.Tân Thới Hòa, Quận Tân Phú, TP.HCM",,0
KH-00135,Công ty cổ phần LUNA group,LUNA Group,Company,,Việt Nam,,VND,,"Số 102 , ngõ 58 phố Lê Văn Hiến , Phường Đức Thắng ,Quận Bắc Từ Liêm , Hà Nội",,0
KH-00136,CÔNG TY THƯƠNG MẠI VÀ DU LỊCH TRÍ DŨNG,MẠI VÀ DU Lịch TRÍ Dũng,Company,,Việt Nam,,VND,,"Phường Ninh Phúc, Thành phố Hoa Lư,Ninh Bình",,0
KH-00137,Công ty TNHH TM&DVĐiệnTửTKTGROUP,Dvđiệntửtktgroup,Company,,Việt Nam,,VND,,"Thôn Ngoại Hoàng, X. Lưu Hoàng, H. Ứng Hoà, TP. Hà Nội",,0
KH-00138,CÔNG TY TNHH TM XUẤT NHẬP KHẨU HÀ MINH KHANG,Nhập Khẩu HÀ MINH KHANG,Company,,Việt Nam,,VND,,"92/K Ấp Dân Thắng 2, Xã Tân Thới Nhì, Huyện Hóc Môn, TP.HCM",,0
KH-00139,CÔNG TY TNHH SXTM & XNK NHƯ QUỲNH,NHƯ Quỳnh,Company,,Việt Nam,,VND,,"số 88 Đường Tập đoàn 6B, phường Tân Tạo A, quận Bình Tân",,0
KH-00140,CÔNG TY TNHH SX VÀ TM NGỌC TUẤN,VÀ TM Ngọc Tuấn,Company,,Việt Nam,,VND,,"Khu phố Quang Vinh, P Quảng Cư, TP. Sầm Sơn",,0
KH-00141,CÔNG TY TNHH GOOSE VIỆT NAM,GOOSE Việt NAM,Company,,Việt Nam,,VND,0109189089,"Thôn Xâm Xuyên, Xã Hồng Vân, TP Hà Nội",,0
KH-00142,Tuấn Phát Đạt,Tuấn Phát Đạt,Company,,Việt Nam,,VND,,"Ấp 1 xã Long Khê,huyện Cần Đước, Long An",,0
KH-00143,CÔNG TY TNHH THƯƠNG MẠI HG TECH,Thương MẠI HG TECH,Company,,Việt Nam,,VND,,"Số 120 Trần Bình Trọng, P. Quảng Hưng, TP. Thanh Hóa, Tỉnh Thanh Hóa",,0
KH-00144,kha bảo quân,Kha Bảo Quân,Company,,Việt Nam,,VND,,"113 Lê Lợi, Khóm 2, Phường 1, Thị Xã Vĩnh Châu, Tỉnh Sóc Trăng",,0
KH-00145,CÔNG TY TNHH TMDV VÀ SX T.A.L,VÀ SX T.A.L,Company,,Việt Nam,,VND,,"số 43 Phố Cao Sơn, Khu Xuân Áng, T.T Trường Sơn, H.An Lao, TP.Hải  Phòng",,0
KH-00146,CÔNG TY TNHH SẢN XUẤT THƯƠNG MẠI VÀ DỊCH VỤ HAI THOA JP,VÀ Dịch VỤ HAI THOA JP,Company,,Việt Nam,,VND,,"Thôn 5, xã Nghi Công Bắc, huyện Nghi Lộc, tỉnh Nghệ An",,0
KH-00147,CTY TNHH SẢN XUẤT VÀ THƯƠNG MẠI TỐ LAN,Xuất VÀ Thương MẠI TỐ LAN,Company,,Việt Nam,,VND,,"Xưởng Thuyền, thôn Nam Huân, xã Hòa Lộc, huyện Hậu Lộc, tỉnh Thanh Hóa",,0
KH-00148,JOKO,JOKO,Company,,Việt Nam,,VND,,,,0
KH-00149,HỘ KINH DOANH NGỌC HẰNG,HỘ KINH DOANH Ngọc Hằng,Individual,,Việt Nam,,VND,,"521/21 Nguyễn Tri Phương, P. An Bình, TP. Dĩ An, Bình Dương",,0
KH-00150,CÔNG TY CỔ PHẦN TẬP ĐOÀN HOÁ MỸ PHẨM QUỐC TẾ VP,HOÁ MỸ Phẩm Quốc TẾ VP,Company,,Việt Nam,,VND,,"Lô CN3.6 Cụm công nghiệp Phương Trung, X Phương Trung, H. Thanh Oai, TP. Hà Nội",,0
KH-00151,CÔNG TY GIA ĐÌNH KIM THÀNH ĐẠT,GIA Đình KIM Thành ĐẠT,Company,,Việt Nam,,VND,,"34/2 Quốc lộ 54, xã Tân Sơn, Trà Vinh",,0
KH-00152,HỘ KINH DOANH PHAN VĂN LONG 1985,DOANH PHAN VĂN LONG 1985,Individual,,Việt Nam,,VND,046085017178,"38/48 Phùng Khắc Khoan, Phường Phú Xuân, TP Huế",,0
KH-00153,Công ty UNIFARM,UNIFARM,Company,,Việt Nam,,VND,,,,0
KH-00154,Khánh ly Food,Khánh Ly Food,Company,,Việt Nam,,VND,,"112 Trần Hưng Đạo, quận 1, TP.HCM",,0
KH-00155,Công ty TNHH Kodochi,Kodochi,Company,,Việt Nam,,VND,,Thủ Đức,,0
KH-00156,CÔNG TY TNHH SẢN XUẤT VÀ THƯƠNG MẠI LAS,Xuất VÀ Thương MẠI LAS,Company,,Việt Nam,,VND,,"Đường Thống Nhất, Xã Gia Phong, Ninh Bình",,0
KH-00157,CÔNG TY TNHH SẢN XUẤT VÀ THƯƠNG MẠI DƯƠNG SƠN,VÀ Thương MẠI Dương SƠN,Company,,Việt Nam,,VND,,"344/9 Mỹ Phước, Tần Vạn,KP, Tân Phú , P.Tân B ình, TP.Dĩ An, tỉnh B ình Dương",,0
KH-00158,CÔNG TY TNHH THƯƠNG MẠI SẢN XUẤT DINH  DƯỠNG THỰC PHẨM LFOOD,Dưỡng Thực Phẩm LFOOD,Company,,Việt Nam,,VND,,"Lô E4 - E5 Đường N9, KCN Nam Thuận, Xã Mỹ Hạnh, Tỉnh Tây  Ninh, Việt Nam",,0
KH-00159,CÔNG TY TNHH SẢN XUẤT THƯƠNG MẠI DỊCH VỤ XNK AZ 88,MẠI Dịch VỤ XNK AZ 88,Company,,Việt Nam,,VND,0318346144,"361/60/70D Nguyễn Thị Sáng, Ấp 43, Xã Đông Thạnh, Thành phố Hồ Chí Minh",,0
KH-00160,CÔNG TY CỔ PHẦN LIMART ZERO WASTE,LIMART ZERO WASTE,Company,,Việt Nam,,VND,,"353/1B Nguyễn Trãi, Phường Cầu Ông Lãnh, Thành phố Hồ Chí Minh",,0
KH-00161,CÔNG TY TNHH MỘT THÀNH VIÊN LONG'S ONE COFFEE,Viên Long's ONE COFFEE,Company,,Việt Nam,,VND,,"264 Lê Văn Hiến, Phường Mỹ An, Quận Ngũ Hành Sơn, Thành phố Đà Nẵng",,0
KH-00162,CÔNG TY CỔ PHẦN DƯỢC PHẨM LUCKY STAR,Dược Phẩm LUCKY STAR,Company,,Việt Nam,,VND,,"177/15 Ngô Chí Quốc, KP.2, P. Bình Chiểu, TP. Thủ Đức, TP.HCM",,0
KH-00163,Công ty TNHH TM DV Và SX Hoàng Minh,Và SX Hoàng Minh,Company,,Việt Nam,,VND,,"Đối diện uỷ ban xã Tân Lập, Yên Mỹ, Hưng Yên",,0
KH-00164,CÔNG TY TNHH SẢN XUẤT VÀ THƯƠNG MẠI LÂM THỦY,VÀ Thương MẠI LÂM Thủy,Company,,Việt Nam,,VND,,"43, Nguyễn Thị Minh Khai, tổ 2,p.Tây Sơn,tx An Khê",,0
KH-00165,Công ty TNHH Dược mỹ phẩm J.K.ROWLING VN,Mỹ Phẩm J.K.ROWLING VN,Company,,Việt Nam,,VND,,"Ngõ 6, khu tập thể đo lường, cổ Nhuế 2, Bắc Từ Liêm",,0
KH-00166,CÔNG TY CỔ PHẦN CATY FOODS,CATY FOODS,Company,,Việt Nam,,VND,,"104 Chu Văn An, Phường 26, Quận Bình Thạnh, TP Hồ Chí Minh",,0
KH-00167,CÔNG TY TNHH HƯƠNG LIỆU ÂU Á,Hương Liệu ÂU Á,Company,,Việt Nam,,VND,,"140/6 Hàn Hải Nguyên, P.8, Q.11, TP.HCM",,0
KH-00168,CÔNG TY TNHH MỘT THÀNH VIÊN ĐĂNG DI,Đăng DI,Company,,Việt Nam,,VND,,"Thôn 4 . Eawer , buôn đôn , đăklak",,1
KH-00169,HỢP TÁC XÃ DỊCH VỤ TỔNG HỢP THANH YÊN,VỤ Tổng HỢP THANH YÊN,Company,,Việt Nam,,VND,,"Đội 2, Xã Thanh Yên, Huyện Điện Biên, Tỉnh Điện Biên",,0
KH-00170,CÔNG TY TNHH CÔNG NGHỆ PHÁP ANH,Công Nghệ Pháp ANH,Company,,Việt Nam,,VND,,"Số 17, đường N2, Khu phố 18, Phường An Phú, Thành phố Thuận An, Tỉnh Bình Dương",,0
KH-00171,CÔNG TY TNHH HÓA MỸ PHẨM PHÚ THÀNH,HÓA MỸ Phẩm PHÚ Thành,Company,,Việt Nam,,VND,0318877970,"340/57/26 Đường Trần Thị Năm, Phường Trung Mỹ Tây, Thành phố Hồ Chí Minh",,0
KH-00172,Ốc Kiều,Ốc Kiều,Company,,Việt Nam,,VND,,,,0
KH-00173,Hải sản tươi sống Ốc Kiều,Hải Sản Tươi Sống Ốc Kiều,Company,,Việt Nam,,VND,,30/4 Thị TRấn Ngãi Giao,,0
KH-00174,Chị Hà Linh,Chị Hà Linh,Individual,,Việt Nam,,VND,,"107/6A NI SƯ HUỲNH LIÊN, PHƯƠNG 10, TÂN BÌNH, HCM",,0
KH-00175,CÔNG TY TNHH DẦU NHỚT EUROTEK VIỆT NAM,DẦU Nhớt EUROTEK Việt NAM,Company,,Việt Nam,,VND,,xóm Nguyễn hoằng. Hải Hưng. Hải hậu .nam định,,0
KH-00176,Lê Quốc Huy,Lê Quốc Huy,Company,,Việt Nam,,VND,,"Thôn Thắng Lợi, Xã Phú Minh, Huyện Sóc Sơn, Hà Nội",,0
KH-00177,CÔNG TY TNHH SẢN XUẤT TẤN PHÁT,SẢN Xuất TẤN Phát,Company,,Việt Nam,,VND,,"Lô 36, Đường 2, P. Tân Tạo A, Q. Bình Tân, TP.HCM",,0
KH-00178,CÔNG TY TNHH SX TM IN ẤN BB BÁCH SINH LONG AN,ẤN BB Bách SINH LONG AN,Company,,Việt Nam,,VND,,,,0
KH-00179,CÔNG TY TNHH HÓA MỸ PHẨM HOÀNG KIM,HÓA MỸ Phẩm Hoàng KIM,Company,,Việt Nam,,VND,,"Thôn Đan Tảo, Xã Tân Minh, Huyện Sóc Sơn, Hà Nộ",,0
KH-00180,CÔNG TY TNHH 2T PHÚC THÀNH AN,2T Phúc Thành AN,Company,,Việt Nam,,VND,,"Khu 4, xã Bảo Yên, huyện Thanh Thủy, tỉnh Phú Thọ, Việt Nam",,0
KH-00181,CÔNG TY CỔ PHẦN ĐẦU TƯ KHỞI NGHIỆP QUỐC GIA,TƯ Khởi Nghiệp Quốc GIA,Company,,Việt Nam,,VND,,"KCN Phú Nghĩa, X. Phú Nghĩa, H. Chương Mỹ, Hà Nội",,0
KH-00182,CÔNG TY TNHH HÓA MỸ PHẨM MAMA,HÓA MỸ Phẩm MAMA,Company,,Việt Nam,,VND,,"Yên Tàng, Bắc Phú, Sóc Sơn, Hà Nội",,0
KH-00183,Công ty Shark,Shark,Company,,Việt Nam,,VND,,,,0
KH-00184,CÔNG TY CỔ PHẦN DS COSMETIC,DS COSMETIC,Company,,Việt Nam,,VND,3703187371,"Số 11A, đường Lê Văn Tách, khu phố Bình Đường 1, Phường An Bình, Thành phố Dĩ An, Bình Dương",,0
KH-00185,CÔNG TY TNHH MTV TM DV THIÊN PHÚ VN,Thiên PHÚ VN,Company,,Việt Nam,,VND,,"21/1 Nguyễn Thị Tiểu, Ấp 3, X. Xuân Thới Thượng, Hóc Môn",,0
KH-00186,Cơ sở sản xuất chất tẩy rửa Supper one,Chất Tẩy Rửa Supper One,Individual,,Việt Nam,,VND,,"Xã An Viễn, Huyện TRảng Bom, Tỉnh Đồng Nai",,0
KH-00187,Công ty TNHH Tâm Thịnh Phát - SBI,Tâm Thịnh Phát SBI,Company,,Việt Nam,,VND,,"Số nhà 11 ngõ năm thôn Phương nhị xã hồng dương, huyện thanh oai, hà nội",,0
KH-00188,Anh Tân,Anh Tân,Individual,,Việt Nam,,VND,,D12/345 tổ 12 ấp 4 Tân nhựt bình Chánh,,0
KH-00189,Công ty TNHH Sản xuất và thương mại Thuận Thảo JQT-COTIS,Mại Thuận Thảo JQT COTIS,Company,,Việt Nam,,VND,,"368 Lê Quý Đôn, Phường Tân Thiện, TP. Đồng Xoài, Bình Phước",,0
KH-00190,CÔNG TY TNHH MỘT THÀNH VIÊN THỰC PHẨM PHƯƠNG NAM TIẾN,Thực Phẩm Phương NAM Tiến,Company,,Việt Nam,,VND,,Thôn đông Thạnh. Xã Tam hòa. Huyện núi thành tỉnh quảng nam,,0
KH-00191,CƠ SỞ SẢN XUẤT PHƯƠNG NAM,CƠ SỞ SẢN Xuất Phương NAM,Individual,,Việt Nam,,VND,,Xóm 7 xã diễn yên huyện Diễn Châu tỉnh Nghệ An,,0
KH-00192,Công ty TNHH Trà & Cà Phê Việt Nam,Trà & Cà Phê Việt Nam,Company,,Việt Nam,,VND,,"Thôn An Ninh, Xã Diên An, Huyện Diên Khánh, Khánh Hòa",,0
KH-00193,Cty TNHH SX TM Bao Bì Nhựa Tuệ Nhi,Bao Bì Nhựa Tuệ Nhi,Company,,Việt Nam,,VND,,Tân Bình,,0
KH-00194,CÔNG TY TNHH MTV TÚ HẰNG,TÚ Hằng,Company,,Việt Nam,,VND,,"Tổ 1, khu 5B, Phường Vàng Danh, TP.Uông Bí, T. Quảng Ninh",,0
KH-00196,CÔNG TY CP TMDV MAGIC HAIR,MAGIC HAIR,Company,,Việt Nam,,VND,,"Số 137 Ngõ 663 Trương Định, Hoàng Mai, Hà Nội",,0
KH-00197,Công ty TNHH Mỹ Phẩm Thần Vũ,Mỹ Phẩm Thần Vũ,Company,,Việt Nam,,VND,,"Đội 4, thôn Đồng Nanh ,Xã Tiên Phương ,Huyện Chương Mỹ ,Thành phố Hà Nội ,Việt Nam",,0
KH-00198,Công ty TNHH ACOMACO,ACOMACO,Company,,Việt Nam,,VND,,"Số 94 Xóm Thanh Bình , Xã Thanh Cao, Huyện Thanh Oai ,Tp Hà Nội ,VN",,0
KH-00199,Hộ kinh doanh cửa hàng tự chọn SHANNIKA,Cửa Hàng Tự Chọn SHANNIKA,Individual,,Việt Nam,,VND,,"E7/30D Võ Hữu Lợi, Ấp 5, X. Lê Minh Xuân, Bình Chánh",,0
KH-00200,CÔNG TY TNHH SẢN XUẤT TM&DV VCOS,VCOS,Company,,Việt Nam,,VND,,"số 116, Đường Thới An 13, Phường Thới An, Quận 12, Thành phố Hồ Chí Minh",,1
KH-00201,Ve chai,VE CHAI,Company,,Việt Nam,,VND,,,,1
KH-00202,Chị Vũ Lê,Chị Vũ Lê,Individual,,Việt Nam,,VND,,"595 Nguyễn Kiệm, Phường 9, Phú Nhuận, TP.HCM",,0
KH-00203,CÔNG TY TNHH VINAHE,VINAHE,Company,,Việt Nam,,VND,3801174388,"Số 142, đường Nguyễn Tất Thành, Khu phố Phước Trung, Phường Phước Bình, Thị xã Phước Long, Bình Phước",,0
KH-00204,Công Ty TNHH Hoá Phẩm Tổng Hợp Hải Đăng,Phẩm Tổng Hợp Hải Đăng,Company,,Việt Nam,,VND,,Tân Hương- Ninh Giang- Hải Dương,,0
KH-00205,Công ty cổ phần Liko Việt Nam - Zenio,Liko Việt Nam Zenio,Company,,Việt Nam,,VND,,"số 40, đường Đồng La, thôn Đồng Nhân, xã Đông La, Huyện Hoài Đức, Hà Nội",,0
KH-00206,CÔNG TY TNHH MTV SINH HỌC ZINTA,SINH HỌC ZINTA,Company,,Việt Nam,,VND,,"248/1 Đường Hùng Vương, TT Buôn Trấp Krông, Ana, Daklak",,0
KH-00207,HỘ KINH DOANH KEM ỐNG HƯƠNG XƯA,KEMONGHUONGXUA,Individual,,Việt Nam,,VND,1701500764,"60, đường D1 - KDC Phú Hòa 1, tổ 7, khu 4, Phường Phú Lợi, Thành phố Hồ Chí Minh",,0
KH-00208,CÔNG TY TNHH Y KHOA SÀI GÒN KHANG HOÀNG,KHANGHOANG,Company,,Việt Nam,,VND,0314587660,"278/3 quốc lộ 1K, khu phố Tân Hòa, phường Đông Hòa, thành phố Hồ Chí Minh",,0
KH-00209,CÔNG TY TNHH SẢN XUẤT VÀ THƯƠNG MẠI KIMBON,KIMBON,Company,,Việt Nam,,VND,3703269627,"Số nhà 237, Tổ 9, Ấp Hiệp Thọ, Xã Dầu Tiếng, TP Hồ Chí Minh",,0
KH-00210,CÔNG TY TNHH DỊCH VỤ VÀ THƯƠNG MẠI KIM CHÂU,KIMCHAU,Company,,Việt Nam,,VND,0318254101,"Số 243A/68/1 Hoàng Diệu, Phường Khánh Hội, TP Hồ Chí Minh",,0
KH-00211,CÔNG TY TNHH SẢN XUẤT VÀ THƯƠNG MẠI KIM HIỀN,KIMHIEN,Company,,Việt Nam,,VND,,"Đường số 9/1, tổ 14, khu phố Thiên Bình, Phường Tam Phước, Tỉnh Đồng Nai, Việt Nam",,0
KH-00212,CÔNG TY TNHH HÓA CHẤT NAM GIA PHÁT,KIREI ALOOO,Company,,Việt Nam,,VND,,"Số 10/M6, KP1, phường Long Bình Tân, thành phố Biên Hòa, tỉnh Đồng  Nai",,0
KH-00213,anh Hải túi nem Phát Tài,Anh Hải Túi Nem Phát Tài,Individual,,Việt Nam,,VND,,"43 Tân Trụ, Phường 15, Quận Tân Bình, TP.HCM",,0
KH-00214,Anh Khoa - Túi in lụa mặt trời bé con,In Lụa Mặt Trời Bé Con,Individual,,Việt Nam,,VND,,,,0
KH-00215,Anh Sơn túi mỡ bò,Anh Sơn Túi Mỡ Bò,Individual,,Việt Nam,,VND,,,,0
KH-00216,CÔNG TY TNHH NHÀ HÀNG HÀN QUỐC MS. BARUN,Hàng HÀN Quốc MS. BARUN,Company,,Việt Nam,,VND,0317448658,"Số 39 Đường Nội Khu khu phố Phú Mỹ Hưng - Midtown, Lô M6, Phường Tân Mỹ, TP Hồ Chí Minh",,0
KH-00217,NGUYỄN CHÍ LINH,Nguyễn CHÍ LINH,Company,,Việt Nam,,VND,,"346 Phan Đăng Lưu, Phường Phú An, TP.HCM",,0
KH-00218,Công ty KKumsoi - chị Thuỷ,Kkumsoi Chị Thuỷ,Company,,Việt Nam,,VND,,,,0
KH-00219,Cơm quê cô ba - Đậm vị quê nhà,Cô Ba Đậm Vị Quê Nhà,Company,,Việt Nam,,VND,,"71 Đường 9a kdc trung sơn, xã bình hưng, huyện bình chánh, TP HCM",,0
KH-00220,HỘ KINH DOANH HƯƠNG THỦY,HỘ KINH DOANH Hương Thủy,Individual,,Việt Nam,,VND,,"Ấp Bình Hữu 1, Xã Đức Hòa Thượng, Huyện Đức Hòa, Tỉnh Long An",,0
KH-00221,CÔNG TY TNHH BH NUTRITION,BH NUTRITION,Company,,Việt Nam,,VND,0314073545,"256/33A đường Thạnh Xuân 25, phường Thạnh Xuân, Quận 12, TP Hồ Chí Minh",,0
KH-00222,Túi bánh tráng campuchia,Túi Bánh Tráng Campuchia,Company,,Việt Nam,,VND,,,,0
KH-00223,CƠ SỞ CƠM CHÁY CHÀ BÔNG TÀI PHƯƠNG,Cháy CHÀ Bông TÀI Phương,Individual,,Việt Nam,,VND,,"Ấp Bờ Kinh, Xã Tân Đông, Huyện Gò Công Đông, Tiền Giang",,0
KH-00224,Thái Thi Thu Thuỷ,Thái Thi Thu Thuỷ,Company,,Việt Nam,,VND,,397A Nguyễn Huệ - phường Trần Phú - Tp Quy Nhơn - Tỉnh Bình Định,,0
KH-00225,KO CÓ THÔNG TIN,Không XÁC Định,Company,,Việt Nam,,VND,KHÁCH,,,1
KH-00226,CÔNG TY TNHH SẢN XUẤT THƯƠNG MẠI BAO BÌ KOVAA,KOVAA,Company,,Việt Nam,,VND,0319057988,"Số 79/16, Đường TL08, Khu phố 3A, Phường An Phú Đông, TP Hồ Chí Minh",,0
KH-00227,Hộ Kinh Thảo Phương,LIKE,Company,,Việt Nam,,VND,,"1/3 Khóm Thới An A, Phường Mỹ Thạnh ,Thành phố Long Xuyên ,Tỉnh An Giang ,Việt Nam",,0
KH-00228,CÔNG TY TNHH SẢN XUẤT THƯƠNG MẠI LINH CHUNG,LINH CHUNG,Company,,Việt Nam,,VND,1101318601,"Ấp 1B An Thạnh, Xã Bến Lức, Tây Ninh",,0
KH-00229,CÔNG TY TNHH SẢN XUẤT IN ẤN BAO BÌ MIỀN NAM,MIEN NAM,Company,,Việt Nam,,VND,0312579784,"13/10 liên khu 8-9, KP 9, Phường Bình Hưng Hòa, TP Hồ Chí Minh",,0
KH-00230,CÔNG TY TNHH SX TM TỔNG HỢP HK MIỀN TÂY,MIENTAY,Company,,Việt Nam,,VND,0319346228,"F4/16G ấp 72, Xã Vĩnh Lộc, TP Hồ Chí Minh",,0
KH-00231,CÔNG TY TNHH SX - TM - DV MINH ĐỨC,MINH DUC,Company,,Việt Nam,,VND,3703290756,"Số nhà 288/43/26A đường Huỳnh Văn Lũy, Phường Phú Lợi, TP Hồ Chí Minh",,0
KH-00232,CÔNG TY TNHH SX TM BAO BÌ MINH HUY LONG,MINHHUYLONG,Company,,Việt Nam,,VND,,"D5/177A Đường Tân Long, Ấp 4, Xã Tân Nhựt, Xã Bình Chánh, TPHCM",,0
KH-00233,CÔNG TY TNHH HÓA PHẨM TỔNG HỢP VŨ GIA,MIRO Dương,Company,,Việt Nam,,VND,,"Cốc Lùng Mới, Xã Nam Cường ,Tỉnh Thái Nguyên",,0
KH-00234,CÔNG TY TNHH XÂY DỰNG THƯƠNG MẠI PHẠM LÊ,MOON,Company,,Việt Nam,,VND,,"Số 6 ,ngách 111, ngõ 68, đường Cấu Giấy, Phường Nghĩa Đô,TP. Hà Nội",,0
KH-00235,CÔNG TY TNHH HÓA MỸ PHẨM VIỆT MỸ,MRA,Company,,Việt Nam,,VND,,"37 Xóm Guốc , P.Phú Thọ , Tp.Thủ Dầu Một , Bình Dương",,0
KH-00236,Anh Luân - Túi in lụa mặt trời bé con,MTBC Anh Luân,Individual,,Việt Nam,,VND,,"28 Nguyễn Ngọc Lộc, P.6, Quận 10, TPHCM",,0
KH-00237,CÔNG TY CỔ PHẦN HÓA CHẤT SAVINA,MYCOME,Company,,Việt Nam,,VND,,"A3-01 ĐƯỜNG PHÂN PHU BẮC, KHU LAVILLA TRẦN ANH, P6, TP TÂN AN, LONG AN",,0
KH-00238,CÔNG TY CỔ PHẦN THƯƠNG MẠI NAGICO,NAGICO,Company,,Việt Nam,,VND,,"62/9 Nguyễn Văn Cừ nối dài, phường An Bình, quận Ninh Kiều, TP. Cần Thơ",,0
KH-00239,CÔNG TY TNHH MỘT THÀNH VIÊN ĐĂNG DI,NALDID,Company,,Việt Nam,,VND,,"Thôn 4 . Eawer , buôn đôn , đăklak",,0
KH-00240,Phạm Thị Kim Nhung,NAMTAU,Company,,Việt Nam,,VND,,,,0
KH-00241,CÔNG TY TNHH NƯỚC GIẶT NAM THỊNH PHÁT,NAMTHINHPHAT,Company,,Việt Nam,,VND,1801762065,"Lô C7 Khu trung tâm thương mại Ấp Vĩnh Tiến, Xã Vĩnh Thạnh, TP Cần Thơ",,0
KH-00242,CÔNG TY CỔ PHẦN SẢN XUẤT NATURE,NATURE,Company,,Việt Nam,,VND,0901157359,"Thôn Đông Mai, Xã Lạc Đạo, Hưng Yên",,0
KH-00245,CÔNG TY TNHH ĐẦU TƯ SẢN XUẤT DỊCH VỤ VÀ THƯƠNG MẠI NGUYỄN GIA,NGUYENGIA,Company,,Việt Nam,,VND,,"75 Nguyễn Đức Cảnh, Phường Hiệp An, Bến Cát, Bình Dương",,0
KH-00246,CÔNG TY TNHH IN ẤN SẢN XUẤT VÀ GIẢI PHÁP BAO BÌ TEM NHÃN PHONG UYÊN,NHANPHONGNGUYEN,Company,,Việt Nam,,VND,2803189074,"SN 450, Thôn Thịnh Lạc, Xã Thắng Lợi, Thanh Hóa",,0
KH-00247,CHI NHÁNH CÔNG TY TNHH SẢN XUẤT DƯỢC MỸ PHẨM NHẬT HÀN,NHATHAN,Company,,Việt Nam,,VND,0314594989-001,"ấp 1, Xã Mỹ An, Tây Ninh",,0
KH-00248,CÔNG TY TNHH SẢN XUẤT VÀ THƯƠNG MẠI NHẬT KHẢI,NHATKHAI,Company,,Việt Nam,,VND,0319285039,"Số 26 Đường Mai Văn Vĩnh, Phường Tân Hưng, TP Hồ Chí Minh",,0
KH-00249,CÔNG TY TNHH SẢN XUẤT VÀ THƯƠNG MẠI MAI NHƯ KHÁNH,NHUKHANH,Company,,Việt Nam,,VND,2803161248,"Số nhà 35, Thôn Hoàng Giang, Xã An Nông, Thanh Hóa",,0
KH-00250,CÔNG TY TNHH XUẤT NHẬP KHẨU COMPACT HPL NAM Á,NICE ONE,Company,,Việt Nam,,VND,,"Xóm 2 , Thôn Miếu Môn ,Xã Trần Phú ,tp Hà Nội",,0
KH-00251,CÔNG TY TNHH CUNG ỨNG DỊCH VỤ HLC VIỆT NAM,OBEN,Company,,Việt Nam,,VND,,"Ki ốt số 40 B2.1-HH03B, Khu Đô Thị Thanh Hà-Cienco 5, Xã Bình Minh, Thành phố Hà Nội, Việt Nam",,0
KH-00252,CÔNG TY TNHH SX-KD-TM HÓA PHẨM OKEY,OKEY,Company,,Việt Nam,,VND,,"449, phường Ninh thạnh , tỉnh Tây ninh",,0
KH-00253,CPSX TM ORA VIỆT NAM,ORA,Company,,Việt Nam,,VND,,"38 đường D9, Phường Tây Thạnh TP HCM",,0
KH-00254,CÔNG TY TNHH SẢN XUẤT VÀ THƯƠNG MẠI PL VIỆT NAM,OWAY,Company,,Việt Nam,,VND,,"Số 5/11 Phố Văn La, Phú La, Hà Đông, TP. Hà Nội",,0
KH-00255,Nguyễn Thị Thanh Phương,OXY,Company,,Việt Nam,,VND,,"Cam ranh , Khánh Hoà",,0
KH-00256,CÔNG TY TNHH V2G PACKAGING,PACKAGING,Company,,Việt Nam,,VND,0317627470,"Lô 3 tầng 5, Tòa nhà Genpacific, Đường số 16, CVPM Quang Trung, Phường Trung Mỹ Tây, TP Hồ Chí Minh",,0
KH-00257,CÔNG TY CỔ PHẦN CARITAS FRUITS,PAPEKHONGIN,Company,,Việt Nam,,VND,0318751671,"Tầng 14, Toà nhà HM Town, Số 412 Đường Nguyễn Thị Minh Khai, Phường Bàn Cờ, TP Hồ Chí Minh",,0
KH-00258,CÔNG TY TNHH  IN LEE LABEL VINA,PE POLY LEE LABEL VINA,Company,,Việt Nam,,VND,3702717403,"Lô N2, đường số 14B, khu công nghiệp Việt Hương, Phường Thuận Giao, TP Hồ Chí Minh",,0
KH-00259,Phế liệu,PHẾ Liệu,Company,,Việt Nam,,VND,,,,1
KH-00260,Công ty TNHH SX Nệm Phong Nguyên,PHONG NGUYEN,Company,,Việt Nam,,VND,,"79H Đỗ ngọc thạnh, phường 15, quận 5, TP.HCM",,0
KH-00261,CÔNG TY TNHH SẢN XUẤT THƯƠNG MẠI PHONG TÍN,PHONG TIN,Company,,Việt Nam,,VND,1001271269,"Số nhà 93, Đường 16, Thôn Đông, Xã Sóc Sơn, TP Hà Nội",,0
KH-00262,CÔNG TY TNHH PHÚC KHANG HP,PHUCKHANGHP,Company,,Việt Nam,,VND,,"Thôn 8 , Xã Tiên Lãng , Thành phố Hải Phòng , VN",,0
KH-00263,PHÒNG KHÁM CHUYÊN KHOA NHI – BÌNH PHƯỚC,KHOA NHI – Bình Phước,Company,,Việt Nam,,VND,,"28 Nguyễn Ngọc Lộc, P.6, Quận 10, TPHCM",,0
KH-00264,CÔNG TY TNHH DẦU KHÍ PHẠM GIA GROUP,PREEDA,Company,,Việt Nam,,VND,2200759341,"Số 48, ấp Tân Hòa B, Phường Thới Long, Thành phố Cần Thơ",,0
KH-00265,CÔNG TY TNHH LENIN,PUTIN,Company,,Việt Nam,,VND,,"Số 333P, tổ 8, khóm Tân An, Phường Tân Ngãi, Tỉnh Vĩnh Long",,0
KH-00266,CÔNG TY TNHH SẢN XUẤT THƯƠNG MẠI HOÁ MỸ PHẨM QUÊ HƯƠNG,QUEHUONG,Company,,Việt Nam,,VND,3703355812,"1073 Đường DT743A, Khu phố Chiêu Liêu, Phường Dĩ An, TP Hồ Chí Minh",,0
KH-00267,CÔNG TY TNHH SẢN XUẤT VÀ THƯƠNG MẠI DỊCH VỤ THANH THẢO,QUIN LYN,Company,,Việt Nam,,VND,,"thôn Hùng Trí, xã Lạc Đạo, tỉnh Hưng Yên",,0
KH-00268,Công ty TNHH Sản xuất và kinh doanh thương mại Mộc Lan,RIKO GOLD,Company,,Việt Nam,,VND,,"Tổ 15, Khu Phố Tân Ngọc, Đường CMT8, P. Phú Mỹ, TX. Phú Mỹ, BR VT",,0
KH-00269,CÔNG TY TNHH THỰC PHẨM RIN REAL,RIN REAL,Company,,Việt Nam,,VND,,,,0
KH-00270,CÔNG TY TNHH SALACOS,SALACOS,Company,,Việt Nam,,VND,0312860392,"D3/492K Đường Vườn Thơm, Xã Bình Lợi, TP Hồ Chí Minh",,0
KH-00271,CÔNG TY TRÁCH NHIỆM HỮU HẠN SAM RAN,SAMRAN,Company,,Việt Nam,,VND,1101798683,"ấp 5A, Xã Lương Bình, Huyện Bến Lức, Long An",,0
KH-00272,CÔNG TY TNHH DỊCH VỤ & THƯƠNG MẠI KIM CHÂU,SAN,Company,,Việt Nam,,VND,,"Số 243A/68/1 Hoàng Diệu, Phường Khánh Hội, TP Hồ Chí Minh, Việt Nam",,0
KH-00273,CÔNG TY TNHH SẢN XUẤT - THƯƠNG MẠI SBT,SBT,Company,,Việt Nam,,VND,1402213497,"Số 213, ấp Bình Hoà, Xã Mỹ Hiệp, Đồng Tháp",,0
KH-00274,CÔNG TY CỔ PHẦN DINH DƯỠNG SKX,SKX,Company,,Việt Nam,,VND,0313283123,"62 Nguyễn Văn Đậu, Phường Gia Định, TP Hồ Chí Minh",,0
KH-00275,Đoàn Văn Thống,SKYOLWEN,Company,,Việt Nam,,VND,,"Đối diện 1651/72 Lê Văn Lương, xã Nhơn Đức, Nhà Bè",,0
KH-00276,CÔNG TY TNHH THƯƠNG MẠI &XNK SNT VIỆT NAM,SNT VN,Company,,Việt Nam,,VND,,"An Hải , Hải Phòng",,0
KH-00277,CÔNG TY CP THƯƠNG MẠI & XNK SNT VIỆT NAM,SNT VN 2,Company,,Việt Nam,,VND,,"Xã đông hưng, tỉnh Hưng yên",,0
KH-00278,Công ty TNHH SẢN XUẤT VÀ THƯƠNG MẠI  DỊCH VỤ VALI VIỆT NAM,Softessence,Company,,Việt Nam,,VND,,"Thôn Thái Đường, Xã Hiền Ninh, Huyện Sóc Sơn, Thành phố Hà Nội, Việt Nam",,0
KH-00279,CÔNG TY TNHH THƯƠNG MẠI VÀ DỊCH VỤ SOHANA NAM SƠN,SOHA,Company,,Việt Nam,,VND,,"Thôn Lôi Cầu, Xã Việt Tiến, Tỉnh Hưng Yên, Việt Nam",,0
KH-00280,CÔNG TY TNHH HÓA MỸ PHẨM SUNFIX,SUNFIX,Company,,Việt Nam,,VND,,"Số 966 Âp Trung 3, Xã Phú Tân ,Tỉnh An Giang",,0
KH-00281,CÔNG TY TNHH TM-DV HÓA MỸ PHẨM LÂM GIA,SUPERCLEAN,Company,,Việt Nam,,VND,,"245/129 Lãnh Binh Thăng, P12, Quận 11, Thành phố Hồ Chí Minh.",,0
KH-00282,CÔNG TY TNHH SẢN XUẤT VÀ THƯƠNG MẠI TÂM TÚ LUX,SURYMON,Company,,Việt Nam,,VND,,"Tổ 33, Ấp Xà Bang 1, Xã Xã Bang, Huyện Châu Đức, Tỉnh Bà Rịa, Vũng Tàu",,0
KH-00283,Công ty TNHH Sản Xuất Nam Việt,SX NAM VIET,Company,,Việt Nam,,VND,,"60/5B Xuân Thới Sơn, TPHCM",,0
KH-00284,CÔNG TY TNHH CÔNG NGHỆ XANH T2T,T2T,Company,,Việt Nam,,VND,2803219628,"Lô 04, Khu D, KCN Đình Hương - Tây Bắc Ga (GĐ 2), Phường Hàm Rồng, Thanh Hóa",,0
KH-00285,CÔNG TY TNHH SẢN XUẤT VÀ THƯƠNG MẠI TACY,TACY,Company,,Việt Nam,,VND,5000901356,"Thôn Cầu Xi, Xã Sơn Thủy, Tuyên Quang",,0
KH-00286,CÔNG TY TNHH TM-DV THANH TẠO PHÁT,TAO PHAT,Company,,Việt Nam,,VND,3703229776,"35 đường số 2, KDC Hiệp Thành 2, Phường Thủ Dầu Một, TP Hồ Chí Minh",,0
KH-00287,CÔNG TY TNHH SẢN XUẤT THƯƠNG MẠI DỊCH VỤ TỔNG HỢP THÁI DƯƠNG,THAI DUONG,Company,,Việt Nam,,VND,0318487314,"283/14 Dương Đình Hội, Phường Tăng Nhơn Phú, TP Hồ Chí Minh",,0
KH-00288,CÔNG TY TNHH XUẤT NHẬP KHẨU THAILAN GREEN,THAILANGREEN,Company,,Việt Nam,,VND,0316805307,"Số 21/112 Đường TCH36, Khu Phố 6, Phường Trung Mỹ Tây, TP Hồ Chí Minh",,0
KH-00289,CÔNG TY TNHH SX VÀ TMDV THÀNH TRUNG,THANH TRUNG,Company,,Việt Nam,,VND,1102167698,"491 Châu Thị Kim, Phường Tân An, Tây Ninh",,0
KH-00290,CHỊ THANH VÂN,THANHVAN,Individual,,Việt Nam,,VND,,Ấp Rừng Sến. Mỹ Hạnh Bắc. Đức Hòa Long An,,0
KH-00291,CÔNG TY TNHH THƯƠNG MẠI - DỊCH VỤ - XUẤT NHẬP KHẨU GIA HỶ,THEGOODWIFE,Company,,Việt Nam,,VND,0307552579,"Tầng 12 - Tháp A2, Tòa nhà Viettel, 285 Cách Mạng Tháng Tám, Phường Hòa Hưng, TP Hồ Chí Minh",,0
KH-00292,CÔNG TY TNHH SX VÀ THƯƠNG MẠI THẾ THÀNH,THE THANH,Company,,Việt Nam,,VND,2301403662,"Thôn Cao Đình, Xã Đại Đồng, Bắc Ninh",,0
KH-00293,Chị Tú,THIENNHIEN,Individual,,Việt Nam,,VND,,"Thôn Năng An, Xã Ân Tín, Huyện Hoài Ân, Tỉnh Bình Định",,0
KH-00294,CÔNG TY TNHH SẢN XUẤT & THƯƠNG MẠI THỊNH ANH,THINH ANH,Company,,Việt Nam,,VND,,khu đất DV Trường Thi - Ninh Bình - Việt Nam,,0
KH-00295,CÔNG TY TNHH THƯƠNG MẠI DỊCH VỤ KỸ THUẬT DŨNG TIẾN PHÁT,TIENPHAT,Company,,Việt Nam,,VND,3603575370,"Số 96J/6, khu phố 6, Phường Long Bình, TP Đồng Nai",,0
KH-00296,CÔNG TY TNHH ĐT SX TM HUY HOÀNG,TM HUY HOANG,Company,,Việt Nam,,VND,3603914312,"174 đường Thân Nhân Trung, Phường Trảng Dài, TP Đồng Nai",,0
KH-00297,CÔNG TY CỔ PHẦN THƯƠNG MẠI LÂM ANH HÀ NỘI,TOMY GOLD NIE,Company,,Việt Nam,,VND,,"số 4/1/110 Phú Viễn, Tổ 25, Phường Bồ Đề, Thành phố Hà Nội",,0
KH-00298,CÔNG TY TNHH MỘT THÀNH VIÊN THƯƠNG MẠI TRANG UYÊN,TRANGUYEN,Company,,Việt Nam,,VND,4300816163,"Hẻm 1069/8 Quang Trung, tổ 8, Phường Cẩm Thành, Quảng Ngãi",,0
KH-00299,CÔNG TY TNHH SẢN PHẨM GIA DỤNG THANH CHI,Trần Quân,Company,,Việt Nam,,VND,,"Thửa đất số 445, tờ bản đồ số 14, ấp Thanh Bình, Xã Châu Thành, Tỉnh Tây Ninh, Việt Nam",,0
KH-00300,CÔNG TY TNHH THƯƠNG MẠI VÀ DỊCH VỤ TRƯỜNG AN,TRUONG AN,Company,,Việt Nam,,VND,0101989446,"Số 8/31, tổ 13, Phường Long Biên, Quận Long Biên, Hà Nội",,0
KH-00301,HỘ KINH DOANH TẠP HÓA - TRƯỜNG GIANG,TRUONGGIANG,Individual,,Việt Nam,,VND,8082908958-001,"Huyện Châu Đức, Xã Châu Đức, TP Hồ Chí Minh",,0
KH-00302,Công ty TNHH TM & SX TUẤN PHÁT HC,TUAN PHAT HC,Company,,Việt Nam,,VND,,Hồng Cầu - Lạc Hồng - Văn Lâm - Hưng Yên,,0
KH-00303,Công ty TNHH Sản xuất thương mại hóa phẩm Tuấn Tú - AKIKCO,TUAN TU,Company,,Việt Nam,,VND,,"Xóm Gốc Vối, Xã Cao Ngạn, TP. Thái Nguyễn, Tỉnh Thái Nguyên",,0
KH-00304,Mr. Sreang,TUI PE SREANG,Company,,Cambodia,,VND,,"Phnom Penh, Cambodia",,0
KH-00305,Hộ kinh doanh trần thanh quỳnh,TUITRON HOANGGIANG,Individual,,Việt Nam,,VND,,3 đường 1c P bình hưng hoà a bình tân,,0
KH-00306,HỘ KINH DOANH HỘ KD TUKA,TUKA,Individual,,Việt Nam,,VND,1101970302,"Âp 3 ,Xã Tân Lân , Tỉnh Tây Ninh",,0
KH-00307,CÔNG TY TNHH TRẦN GIA PHÁT TVCO,TVCO,Company,,Việt Nam,,VND,0111119522,"Số Nhà 38, Xóm Trung Việt, Thôn Bãi, Xã Bình Minh, TP Hà Nội",,0
KH-00308,"CÔNG TY TNHH GIẢI PHÁP, SẢN XUẤT, THƯƠNG MẠI, XUẤT NHẬP KHẨU UNRIVA",UNRIVA,Company,,Việt Nam,,VND,0110862661,"Khu Phố Mới, Thôn Hòa Loan, Xã Vĩnh Thành, Phú Thọ",,0
KH-00309,CÔNG TY CỔ PHẦN BỆNH VIỆN VẠN AN,VANAN,Company,,Việt Nam,,VND,1101220980,"198 KDC Mai Thị Non, đường Nguyễn Hữu Thọ, Xã Bến Lức, Tây Ninh",,0
KH-00310,CÔNG TY TNHH SẢN XUẤT TM&DV VCOS,VCOS,Company,,Việt Nam,,VND,,"số 116, Đường Thới An 13, Phường Thới An, Quận 12, Thành phố Hồ Chí Minh",,0
KH-00311,CÔNG TY CỔ PHẦN MỸ PHẨM VIETNATURAL,VICEN,Company,,Việt Nam,,VND,,"730/12 Hương Lộ 2, Phường Bình Trị Đông, TP. Hồ Chí Minh",,0
KH-00312,CÔNG TY TNHH SẢN XUẤT THƯƠNG MẠI XUẤT NHẬP KHẨU VIỆT NAM ANH,VIETNAMANH,Company,,Việt Nam,,VND,0111109210,"Xóm 3 Thôn Dư Xá, Xã Hòa Xá, TP Hà Nội",,0
KH-00313,CÔNG TY CP ĐÀU TƯ LIÊN DOANH SX HÓA MỸ PHẨM  VIỆT NHẬT,VIET NHAT,Company,,Việt Nam,,VND,,"Số 2 ngõ 250/8 phố Tân Mai, Phường Thịnh Liệt, Quận Hoàng Mai, Hà Nội",,0
KH-00314,CÔNG TY CỔ PHẦN THƯƠNG MẠI VÀ SẢN XUẤT HOÁ MỸ PHẨM VIỆT NHẬT PRO,VIET NHAT PRO,Company,,Việt Nam,,VND,0111277776,"Lô A5 - Khu Công Nghiệp Phú Nghĩa, Xã Phú Nghĩa, TP Hà Nội",,0
KH-00315,CÔNG TY TNHH PHÁT TRIỂN DỊCH VỤ THƯƠNG MẠI VÀ SẢN XUẤT VIỆT THƯƠNG,VIET THUONG,Company,,Việt Nam,,VND,0108728919,"Thôn Diềm Xá, Xã Dương Hòa, TP Hà Nội",,0
KH-00316,CÔNG TY TNHH HÓA MỸ PHẨM VIO,VIO,Company,,Việt Nam,,VND,,"Số 70 thôn Kim Ốc, xã Xuân Hòa, huyện Thọ Xuân, tỉnh Thanh Hóa",,0
KH-00317,CÔNG TY TNHH VIRIVA,VIRIVA,Company,,Việt Nam,,VND,0318087330,"3/6/7 Đường 49, Khu phố 14, Phường Hiệp Bình, TP Hồ Chí Minh",,0
KH-00318,CÔNG TY TNHH THƯƠNG MẠI VÀ SẢN XUẤT VIZEN VIỆT NAM,VIZEN,Company,,Việt Nam,,VND,,"Số 3/274 Đường Thành Tô , Phường Hải An , Tp Hải Phòng",,0
KH-00319,CÔNG TY CP QUỐC TẾ VMT GROUP,VMTGROUP,Company,,Việt Nam,,VND,,"81 Đường Thanh Niên, Phường Yên Bái ,Thành Phố Lào Cai",,0
KH-00320,CÔNG TY CP ĐẦU TƯ VN MART,VNMART,Company,,Việt Nam,,VND,,"Thửa đất số 313, khu phố 5, Xã Yên Khánh, Tỉnh Ninh Bình",,0
KH-00321,CÔNG TY TNHH SẢN XUẤT VÀ THƯƠNG MẠI DỊCH VỤ NGUYỄN AN AG,WIN,Company,,Việt Nam,,VND,,"Số 692 đường Bùi Văn Danh, Phường Long Xuyên, Tỉnh An Giang, Việt Nam",,0
KH-00322,CÔNG TY TNHH TRUNG TÂM NGHIÊN CỨU VÀ PHÁT TRIỂN CÔNG NGHỆ XANH TLT,XANH TLT,Company,,Việt Nam,,VND,2803210632,"Lô KH1, KCN Đình Hương Tây Bắc Ga, Phường Hạc Thành, Thanh Hóa",,0
KH-00323,CÔNG TY TNHH THƯƠNG MẠI DỊCH VỤ XNK YẾN HƯƠNG XƯA,YENHUONGXUA,Company,,Việt Nam,,VND,4202032315,"80 Trần Văn Quang, Phường Nha Trang, Tỉnh Khánh Hòa",,0
KH-00324,CÔNG TY TNHH SẢN XUẤT THƯƠNG MẠI VÀ XUẤT NHẬP KHẨU ANH DUY,ZINSIN,Company,,Việt Nam,,VND,,"Ấp Phú Bình, Xã Mỹ Thành, Tỉnh Đồng Tháp Việt Nam",,0
KH-00325,CÔNG TY TNHH ZYLAND,ZYLAND,Company,,Việt Nam,,VND,,"23/4A, Tổ 9, Ấp 1, Xã Xuân Thới Thượng, Huyện Hóc Môn, TP.HCM",,0
KH-00326,CÔNG TY TNHH MTV SX TM XNK ANH PHÁT,ANH PHAT,Company,,Việt Nam,,VND,,,,0
KH-00327,CÔNG TY TNHH CÔNG NGHỆ VẬT LIỆU TIÊN PHONG VIETCOAT,VIETCOAT,Company,,Việt Nam,,VND,1801833206,"107/79, Quốc Lộ 1A, Khu Vực 2, Phường Cái Răng, TP. Cần Thơ",MS Ben Ry,0
KH-00328,CÔNG TY CỔ PHẦN ECO WIPES VIỆT NAM,ECO WIPES,Company,,Việt Nam,,VND,315110990,"2687/1A Quốc Lộ 1A, Phường An Phú Đông, TP. Hồ Chí Minh",Ms. Như,0
KH-00329,CÔNG TY TNHH SẢN XUẤT - XUẤT NHẬP KHẨU AMYCO,AMYCO,Company,,Việt Nam,,VND,,,,0
