bom_no,item_code,item_name,qty,uom,scrap_pct,note
BOM-NGCS-00001-001,BTP-00004,Cuộn NGCS Đỏ - Tím,287.0,m,2.5,Bước cắt dao 280.0mm x 1.000 túi + 2.5% hao hụt biên/mối nối
BOM-NGCS-00001-001,NVL-00040,Vòi 16mm,1010,Cái,1.0,1 vòi/túi + 1% hao hụt máy dán vòi
BOM-NGCS-00001-001,NVL-00044,Thùng carton đựng túi,2,Cái,0,Đóng gói tiêu chuẩn 500 túi/thùng
BOM-NGCS-00002-001,BTP-00005,Cuộn NGCS Hồng - Xanh,287.0,m,2.5,Bước cắt dao 280.0mm x 1.000 túi + 2.5% hao hụt biên/mối nối
BOM-NGCS-00002-001,NVL-00040,Vòi 16mm,1010,Cái,1.0,1 vòi/túi + 1% hao hụt máy dán vòi
BOM-NGCS-00002-001,NVL-00044,Thùng carton đựng túi,2,Cái,0,Đóng gói tiêu chuẩn 500 túi/thùng
BOM-NGCS-00003-001,BTP-00004,Cuộn NGCS Đỏ - Tím,287.0,m,2.5,Bước cắt dao 280.0mm x 1.000 túi + 2.5% hao hụt biên/mối nối
BOM-NGCS-00003-001,NVL-00040,Vòi 16mm,1010,Cái,1.0,1 vòi/túi + 1% hao hụt máy dán vòi
BOM-NGCS-00003-001,NVL-00044,Thùng carton đựng túi,2,Cái,0,Đóng gói tiêu chuẩn 500 túi/thùng
BOM-NGCS-00004-001,BTP-00005,Cuộn NGCS Hồng - Xanh,287.0,m,2.5,Bước cắt dao 280.0mm x 1.000 túi + 2.5% hao hụt biên/mối nối
BOM-NGCS-00004-001,NVL-00040,Vòi 16mm,1010,Cái,1.0,1 vòi/túi + 1% hao hụt máy dán vòi
BOM-NGCS-00004-001,NVL-00044,Thùng carton đựng túi,2,Cái,0,Đóng gói tiêu chuẩn 500 túi/thùng
BOM-NGCS-00005-001,BTP-00004,Cuộn NGCS Đỏ - Tím,287.0,m,2.5,Bước cắt dao 280.0mm x 1.000 túi + 2.5% hao hụt biên/mối nối
BOM-NGCS-00005-001,NVL-00040,Vòi 16mm,1010,Cái,1.0,1 vòi/túi + 1% hao hụt máy dán vòi
BOM-NGCS-00005-001,NVL-00044,Thùng carton đựng túi,2,Cái,0,Đóng gói tiêu chuẩn 500 túi/thùng
BOM-NGCS-00006-001,BTP-00004,Cuộn NGCS Đỏ - Tím,348.5,m,2.5,Bước cắt dao 340.0mm x 1.000 túi + 2.5% hao hụt biên/mối nối
BOM-NGCS-00006-001,NVL-00040,Vòi 16mm,1010,Cái,1.0,1 vòi/túi + 1% hao hụt máy dán vòi
BOM-NGCS-00006-001,NVL-00044,Thùng carton đựng túi,2,Cái,0,Đóng gói tiêu chuẩn 500 túi/thùng
BOM-NGCS-00007-001,BTP-00005,Cuộn NGCS Hồng - Xanh,348.5,m,2.5,Bước cắt dao 340.0mm x 1.000 túi + 2.5% hao hụt biên/mối nối
BOM-NGCS-00007-001,NVL-00040,Vòi 16mm,1010,Cái,1.0,1 vòi/túi + 1% hao hụt máy dán vòi
BOM-NGCS-00007-001,NVL-00044,Thùng carton đựng túi,2,Cái,0,Đóng gói tiêu chuẩn 500 túi/thùng
BOM-NGCS-00008-001,BTP-00004,Cuộn NGCS Đỏ - Tím,348.5,m,2.5,Bước cắt dao 340.0mm x 1.000 túi + 2.5% hao hụt biên/mối nối
BOM-NGCS-00008-001,NVL-00040,Vòi 16mm,1010,Cái,1.0,1 vòi/túi + 1% hao hụt máy dán vòi
BOM-NGCS-00008-001,NVL-00044,Thùng carton đựng túi,2,Cái,0,Đóng gói tiêu chuẩn 500 túi/thùng
BOM-NGCS-00009-001,BTP-00005,Cuộn NGCS Hồng - Xanh,348.5,m,2.5,Bước cắt dao 340.0mm x 1.000 túi + 2.5% hao hụt biên/mối nối
BOM-NGCS-00009-001,NVL-00040,Vòi 16mm,1010,Cái,1.0,1 vòi/túi + 1% hao hụt máy dán vòi
BOM-NGCS-00009-001,NVL-00044,Thùng carton đựng túi,2,Cái,0,Đóng gói tiêu chuẩn 500 túi/thùng
BOM-NGCS-00010-001,BTP-00004,Cuộn NGCS Đỏ - Tím,348.5,m,2.5,Bước cắt dao 340.0mm x 1.000 túi + 2.5% hao hụt biên/mối nối
BOM-NGCS-00010-001,NVL-00040,Vòi 16mm,1010,Cái,1.0,1 vòi/túi + 1% hao hụt máy dán vòi
BOM-NGCS-00010-001,NVL-00044,Thùng carton đựng túi,2,Cái,0,Đóng gói tiêu chuẩn 500 túi/thùng
BOM-NGCS-00011-001,BTP-00004,Cuộn NGCS Đỏ - Tím,389.5,m,2.5,Bước cắt dao 380.0mm x 1.000 túi + 2.5% hao hụt biên/mối nối
BOM-NGCS-00011-001,NVL-00040,Vòi 16mm,1010,Cái,1.0,1 vòi/túi + 1% hao hụt máy dán vòi
BOM-NGCS-00011-001,NVL-00044,Thùng carton đựng túi,2,Cái,0,Đóng gói tiêu chuẩn 500 túi/thùng
BOM-NGCS-00012-001,BTP-00005,Cuộn NGCS Hồng - Xanh,389.5,m,2.5,Bước cắt dao 380.0mm x 1.000 túi + 2.5% hao hụt biên/mối nối
BOM-NGCS-00012-001,NVL-00040,Vòi 16mm,1010,Cái,1.0,1 vòi/túi + 1% hao hụt máy dán vòi
BOM-NGCS-00012-001,NVL-00044,Thùng carton đựng túi,2,Cái,0,Đóng gói tiêu chuẩn 500 túi/thùng
BOM-NGCS-00013-001,BTP-00004,Cuộn NGCS Đỏ - Tím,389.5,m,2.5,Bước cắt dao 380.0mm x 1.000 túi + 2.5% hao hụt biên/mối nối
BOM-NGCS-00013-001,NVL-00040,Vòi 16mm,1010,Cái,1.0,1 vòi/túi + 1% hao hụt máy dán vòi
BOM-NGCS-00013-001,NVL-00044,Thùng carton đựng túi,2,Cái,0,Đóng gói tiêu chuẩn 500 túi/thùng
BOM-NGCS-00014-001,BTP-00005,Cuộn NGCS Hồng - Xanh,389.5,m,2.5,Bước cắt dao 380.0mm x 1.000 túi + 2.5% hao hụt biên/mối nối
BOM-NGCS-00014-001,NVL-00040,Vòi 16mm,1010,Cái,1.0,1 vòi/túi + 1% hao hụt máy dán vòi
BOM-NGCS-00014-001,NVL-00044,Thùng carton đựng túi,2,Cái,0,Đóng gói tiêu chuẩn 500 túi/thùng
BOM-NGCS-00015-001,BTP-00004,Cuộn NGCS Đỏ - Tím,389.5,m,2.5,Bước cắt dao 380.0mm x 1.000 túi + 2.5% hao hụt biên/mối nối
BOM-NGCS-00015-001,NVL-00040,Vòi 16mm,1010,Cái,1.0,1 vòi/túi + 1% hao hụt máy dán vòi
BOM-NGCS-00015-001,NVL-00044,Thùng carton đựng túi,2,Cái,0,Đóng gói tiêu chuẩn 500 túi/thùng
BOM-TP-00001-001,BTP-00001,Cuộn 888 - Phấn Thơm,348.5,m,2.5,Bước cắt dao 340.0mm x 1.000 túi + 2.5% hao hụt biên/mối nối
BOM-TP-00001-001,NVL-00040,Vòi 16mm,1010,Cái,1.0,1 vòi/túi + 1% hao hụt máy dán vòi
BOM-TP-00001-001,NVL-00044,Thùng carton đựng túi,2,Cái,0,Đóng gói tiêu chuẩn 500 túi/thùng
BOM-TP-00002-001,BTP-00002,Cuộn 888 - Huyền Bí,348.5,m,2.5,Bước cắt dao 340.0mm x 1.000 túi + 2.5% hao hụt biên/mối nối
BOM-TP-00002-001,NVL-00040,Vòi 16mm,1010,Cái,1.0,1 vòi/túi + 1% hao hụt máy dán vòi
BOM-TP-00002-001,NVL-00044,Thùng carton đựng túi,2,Cái,0,Đóng gói tiêu chuẩn 500 túi/thùng
BOM-TP-00003-001,BTP-00003,Cuộn 888 - Đam Mê,348.5,m,2.5,Bước cắt dao 340.0mm x 1.000 túi + 2.5% hao hụt biên/mối nối
BOM-TP-00003-001,NVL-00040,Vòi 16mm,1010,Cái,1.0,1 vòi/túi + 1% hao hụt máy dán vòi
BOM-TP-00003-001,NVL-00044,Thùng carton đựng túi,2,Cái,0,Đóng gói tiêu chuẩn 500 túi/thùng
BOM-TP-00004-001,BTP-00001,Cuộn 888 - Phấn Thơm,307.5,m,2.5,Bước cắt dao 300.0mm x 1.000 túi + 2.5% hao hụt biên/mối nối
BOM-TP-00004-001,NVL-00040,Vòi 16mm,1010,Cái,1.0,1 vòi/túi + 1% hao hụt máy dán vòi
BOM-TP-00004-001,NVL-00044,Thùng carton đựng túi,2,Cái,0,Đóng gói tiêu chuẩn 500 túi/thùng
BOM-TP-00005-001,BTP-00002,Cuộn 888 - Huyền Bí,307.5,m,2.5,Bước cắt dao 300.0mm x 1.000 túi + 2.5% hao hụt biên/mối nối
BOM-TP-00005-001,NVL-00040,Vòi 16mm,1010,Cái,1.0,1 vòi/túi + 1% hao hụt máy dán vòi
BOM-TP-00005-001,NVL-00044,Thùng carton đựng túi,2,Cái,0,Đóng gói tiêu chuẩn 500 túi/thùng
BOM-TP-00006-001,BTP-00003,Cuộn 888 - Đam Mê,307.5,m,2.5,Bước cắt dao 300.0mm x 1.000 túi + 2.5% hao hụt biên/mối nối
BOM-TP-00006-001,NVL-00040,Vòi 16mm,1010,Cái,1.0,1 vòi/túi + 1% hao hụt máy dán vòi
BOM-TP-00006-001,NVL-00044,Thùng carton đựng túi,2,Cái,0,Đóng gói tiêu chuẩn 500 túi/thùng
BOM-TP-00012-001,BTP-00006,Cuộn Minh Râu Tím,348.5,m,2.5,Bước cắt dao 340.0mm x 1.000 túi + 2.5% hao hụt biên/mối nối
BOM-TP-00012-001,NVL-00040,Vòi 16mm,1010,Cái,1.0,1 vòi/túi + 1% hao hụt máy dán vòi
BOM-TP-00012-001,NVL-00044,Thùng carton đựng túi,2,Cái,0,Đóng gói tiêu chuẩn 500 túi/thùng
BOM-TP-00013-001,BTP-00006,Cuộn Minh Râu Tím,348.5,m,2.5,Bước cắt dao 340.0mm x 1.000 túi + 2.5% hao hụt biên/mối nối
BOM-TP-00013-001,NVL-00040,Vòi 16mm,1010,Cái,1.0,1 vòi/túi + 1% hao hụt máy dán vòi
BOM-TP-00013-001,NVL-00044,Thùng carton đựng túi,2,Cái,0,Đóng gói tiêu chuẩn 500 túi/thùng
BOM-TP-00014-001,BTP-00001,Cuộn 888 - Phấn Thơm,307.5,m,2.5,Bước cắt dao 300.0mm x 1.000 túi + 2.5% hao hụt biên/mối nối
BOM-TP-00014-001,NVL-00040,Vòi 16mm,1010,Cái,1.0,1 vòi/túi + 1% hao hụt máy dán vòi
BOM-TP-00014-001,NVL-00044,Thùng carton đựng túi,2,Cái,0,Đóng gói tiêu chuẩn 500 túi/thùng
BOM-TP-00015-001,BTP-00001,Cuộn 888 - Phấn Thơm,307.5,m,2.5,Bước cắt dao 300.0mm x 1.000 túi + 2.5% hao hụt biên/mối nối
BOM-TP-00015-001,NVL-00040,Vòi 16mm,1010,Cái,1.0,1 vòi/túi + 1% hao hụt máy dán vòi
BOM-TP-00015-001,NVL-00044,Thùng carton đựng túi,2,Cái,0,Đóng gói tiêu chuẩn 500 túi/thùng
BOM-TP-00016-001,BTP-00001,Cuộn 888 - Phấn Thơm,358.75,m,2.5,Bước cắt dao 350.0mm x 1.000 túi + 2.5% hao hụt biên/mối nối
BOM-TP-00016-001,NVL-00040,Vòi 16mm,1010,Cái,1.0,1 vòi/túi + 1% hao hụt máy dán vòi
BOM-TP-00016-001,NVL-00044,Thùng carton đựng túi,2,Cái,0,Đóng gói tiêu chuẩn 500 túi/thùng
BOM-TP-00017-001,BTP-00001,Cuộn 888 - Phấn Thơm,389.5,m,2.5,Bước cắt dao 380.0mm x 1.000 túi + 2.5% hao hụt biên/mối nối
BOM-TP-00017-001,NVL-00040,Vòi 16mm,1010,Cái,1.0,1 vòi/túi + 1% hao hụt máy dán vòi
BOM-TP-00017-001,NVL-00044,Thùng carton đựng túi,2,Cái,0,Đóng gói tiêu chuẩn 500 túi/thùng
BOM-TP-00018-001,BTP-00001,Cuộn 888 - Phấn Thơm,184.5,m,2.5,Bước cắt dao 180.0mm x 1.000 túi + 2.5% hao hụt biên/mối nối
BOM-TP-00018-001,NVL-00040,Vòi 16mm,1010,Cái,1.0,1 vòi/túi + 1% hao hụt máy dán vòi
BOM-TP-00018-001,NVL-00044,Thùng carton đựng túi,2,Cái,0,Đóng gói tiêu chuẩn 500 túi/thùng
BOM-TP-00019-001,BTP-00001,Cuộn 888 - Phấn Thơm,307.5,m,2.5,Bước cắt dao 300.0mm x 1.000 túi + 2.5% hao hụt biên/mối nối
BOM-TP-00019-001,NVL-00044,Thùng carton đựng túi,2,Cái,0,Đóng gói tiêu chuẩn 500 túi/thùng
BOM-TP-00020-001,BTP-00007,Cuộn TopGia 2L,256.25,m,2.5,Bước cắt dao 250.0mm x 1.000 túi + 2.5% hao hụt biên/mối nối
BOM-TP-00020-001,NVL-00040,Vòi 16mm,1010,Cái,1.0,1 vòi/túi + 1% hao hụt máy dán vòi
BOM-TP-00020-001,NVL-00044,Thùng carton đựng túi,2,Cái,0,Đóng gói tiêu chuẩn 500 túi/thùng
BOM-TP-00021-001,BTP-00007,Cuộn TopGia 2L,256.25,m,2.5,Bước cắt dao 250.0mm x 1.000 túi + 2.5% hao hụt biên/mối nối
BOM-TP-00021-001,NVL-00040,Vòi 16mm,1010,Cái,1.0,1 vòi/túi + 1% hao hụt máy dán vòi
BOM-TP-00021-001,NVL-00044,Thùng carton đựng túi,2,Cái,0,Đóng gói tiêu chuẩn 500 túi/thùng
BOM-TP-00022-001,BTP-00008,Cuộn Softy 3L,348.5,m,2.5,Bước cắt dao 340.0mm x 1.000 túi + 2.5% hao hụt biên/mối nối
BOM-TP-00022-001,NVL-00040,Vòi 16mm,1010,Cái,1.0,1 vòi/túi + 1% hao hụt máy dán vòi
BOM-TP-00022-001,NVL-00044,Thùng carton đựng túi,2,Cái,0,Đóng gói tiêu chuẩn 500 túi/thùng
BOM-TP-00023-001,BTP-00001,Cuộn 888 - Phấn Thơm,348.5,m,2.5,Bước cắt dao 340.0mm x 1.000 túi + 2.5% hao hụt biên/mối nối
BOM-TP-00023-001,NVL-00040,Vòi 16mm,1010,Cái,1.0,1 vòi/túi + 1% hao hụt máy dán vòi
BOM-TP-00023-001,NVL-00044,Thùng carton đựng túi,2,Cái,0,Đóng gói tiêu chuẩn 500 túi/thùng
BOM-TP-00024-001,BTP-00001,Cuộn 888 - Phấn Thơm,246.0,m,2.5,Bước cắt dao 240.0mm x 1.000 túi + 2.5% hao hụt biên/mối nối
BOM-TP-00024-001,NVL-00040,Vòi 16mm,1010,Cái,1.0,1 vòi/túi + 1% hao hụt máy dán vòi
BOM-TP-00024-001,NVL-00044,Thùng carton đựng túi,2,Cái,0,Đóng gói tiêu chuẩn 500 túi/thùng
BOM-TP-00025-001,BTP-00001,Cuộn 888 - Phấn Thơm,246.0,m,2.5,Bước cắt dao 240.0mm x 1.000 túi + 2.5% hao hụt biên/mối nối
BOM-TP-00025-001,NVL-00040,Vòi 16mm,1010,Cái,1.0,1 vòi/túi + 1% hao hụt máy dán vòi
BOM-TP-00025-001,NVL-00044,Thùng carton đựng túi,2,Cái,0,Đóng gói tiêu chuẩn 500 túi/thùng
BOM-TP-00026-001,BTP-00001,Cuộn 888 - Phấn Thơm,307.5,m,2.5,Bước cắt dao 300.0mm x 1.000 túi + 2.5% hao hụt biên/mối nối
BOM-TP-00026-001,NVL-00040,Vòi 16mm,1010,Cái,1.0,1 vòi/túi + 1% hao hụt máy dán vòi
BOM-TP-00026-001,NVL-00044,Thùng carton đựng túi,2,Cái,0,Đóng gói tiêu chuẩn 500 túi/thùng
BOM-TP-00027-001,BTP-00001,Cuộn 888 - Phấn Thơm,246.0,m,2.5,Bước cắt dao 240.0mm x 1.000 túi + 2.5% hao hụt biên/mối nối
BOM-TP-00027-001,NVL-00040,Vòi 16mm,1010,Cái,1.0,1 vòi/túi + 1% hao hụt máy dán vòi
BOM-TP-00027-001,NVL-00044,Thùng carton đựng túi,2,Cái,0,Đóng gói tiêu chuẩn 500 túi/thùng
BOM-TP-00028-001,BTP-00001,Cuộn 888 - Phấn Thơm,348.5,m,2.5,Bước cắt dao 340.0mm x 1.000 túi + 2.5% hao hụt biên/mối nối
BOM-TP-00028-001,NVL-00040,Vòi 16mm,1010,Cái,1.0,1 vòi/túi + 1% hao hụt máy dán vòi
BOM-TP-00028-001,NVL-00044,Thùng carton đựng túi,2,Cái,0,Đóng gói tiêu chuẩn 500 túi/thùng
BOM-TP-00029-001,BTP-00001,Cuộn 888 - Phấn Thơm,348.5,m,2.5,Bước cắt dao 340.0mm x 1.000 túi + 2.5% hao hụt biên/mối nối
BOM-TP-00029-001,NVL-00040,Vòi 16mm,1010,Cái,1.0,1 vòi/túi + 1% hao hụt máy dán vòi
BOM-TP-00029-001,NVL-00044,Thùng carton đựng túi,2,Cái,0,Đóng gói tiêu chuẩn 500 túi/thùng
BOM-TP-00030-001,BTP-00001,Cuộn 888 - Phấn Thơm,348.5,m,2.5,Bước cắt dao 340.0mm x 1.000 túi + 2.5% hao hụt biên/mối nối
BOM-TP-00030-001,NVL-00040,Vòi 16mm,1010,Cái,1.0,1 vòi/túi + 1% hao hụt máy dán vòi
BOM-TP-00030-001,NVL-00044,Thùng carton đựng túi,2,Cái,0,Đóng gói tiêu chuẩn 500 túi/thùng
BOM-TP-00031-001,BTP-00001,Cuộn 888 - Phấn Thơm,348.5,m,2.5,Bước cắt dao 340.0mm x 1.000 túi + 2.5% hao hụt biên/mối nối
BOM-TP-00031-001,NVL-00040,Vòi 16mm,1010,Cái,1.0,1 vòi/túi + 1% hao hụt máy dán vòi
BOM-TP-00031-001,NVL-00044,Thùng carton đựng túi,2,Cái,0,Đóng gói tiêu chuẩn 500 túi/thùng
BOM-TP-00032-001,BTP-00001,Cuộn 888 - Phấn Thơm,358.75,m,2.5,Bước cắt dao 350.0mm x 1.000 túi + 2.5% hao hụt biên/mối nối
BOM-TP-00032-001,NVL-00040,Vòi 16mm,1010,Cái,1.0,1 vòi/túi + 1% hao hụt máy dán vòi
BOM-TP-00032-001,NVL-00044,Thùng carton đựng túi,2,Cái,0,Đóng gói tiêu chuẩn 500 túi/thùng
BOM-TP-00033-001,BTP-00001,Cuộn 888 - Phấn Thơm,348.5,m,2.5,Bước cắt dao 340.0mm x 1.000 túi + 2.5% hao hụt biên/mối nối
BOM-TP-00033-001,NVL-00040,Vòi 16mm,1010,Cái,1.0,1 vòi/túi + 1% hao hụt máy dán vòi
BOM-TP-00033-001,NVL-00044,Thùng carton đựng túi,2,Cái,0,Đóng gói tiêu chuẩn 500 túi/thùng
BOM-TP-00034-001,BTP-00001,Cuộn 888 - Phấn Thơm,358.75,m,2.5,Bước cắt dao 350.0mm x 1.000 túi + 2.5% hao hụt biên/mối nối
BOM-TP-00034-001,NVL-00040,Vòi 16mm,1010,Cái,1.0,1 vòi/túi + 1% hao hụt máy dán vòi
BOM-TP-00034-001,NVL-00044,Thùng carton đựng túi,2,Cái,0,Đóng gói tiêu chuẩn 500 túi/thùng
BOM-TP-00035-001,BTP-00001,Cuộn 888 - Phấn Thơm,307.5,m,2.5,Bước cắt dao 300.0mm x 1.000 túi + 2.5% hao hụt biên/mối nối
BOM-TP-00035-001,NVL-00040,Vòi 16mm,1010,Cái,1.0,1 vòi/túi + 1% hao hụt máy dán vòi
BOM-TP-00035-001,NVL-00044,Thùng carton đựng túi,2,Cái,0,Đóng gói tiêu chuẩn 500 túi/thùng
BOM-TP-00036-001,BTP-00009,Cuộn FUTA Xanh MT,348.5,m,2.5,Bước cắt dao 340.0mm x 1.000 túi + 2.5% hao hụt biên/mối nối
BOM-TP-00036-001,NVL-00040,Vòi 16mm,1010,Cái,1.0,1 vòi/túi + 1% hao hụt máy dán vòi
BOM-TP-00036-001,NVL-00044,Thùng carton đựng túi,2,Cái,0,Đóng gói tiêu chuẩn 500 túi/thùng
BOM-TP-00037-001,BTP-00001,Cuộn 888 - Phấn Thơm,348.5,m,2.5,Bước cắt dao 340.0mm x 1.000 túi + 2.5% hao hụt biên/mối nối
BOM-TP-00037-001,NVL-00040,Vòi 16mm,1010,Cái,1.0,1 vòi/túi + 1% hao hụt máy dán vòi
BOM-TP-00037-001,NVL-00044,Thùng carton đựng túi,2,Cái,0,Đóng gói tiêu chuẩn 500 túi/thùng
BOM-BTP-00001-001,NVL-00028,PET in 888 - Phấn Thơm,1020.0,m,2.0,Lớp màng ngoài in ống đồng
BOM-BTP-00001-001,NVL-00009,PA K800 15mic,13.9,Kg,2.0,Lớp màng rào cản PA dẻo dai
BOM-BTP-00001-001,NVL-00004,PE sữa K750 190mic,135.2,Kg,2.0,Lớp màng hàn dán trong cùng
BOM-BTP-00001-001,NVL-00025,Keo D-9700,3.6,Kg,3.0,Định mức keo ghép 2 lớp màng
BOM-BTP-00001-001,NVL-00026,Chất Đóng Rắn CL-3192K,0.72,Kg,3.0,Chất đóng rắn Isocyanate
BOM-BTP-00001-001,NVL-00027,Dung Môi Ethyl Acetate,5.4,Kg,5.0,Dung môi pha keo ghép màng khô
BOM-BTP-00002-001,NVL-00029,PET in 888 - Huyền Bí,1020.0,m,2.0,Lớp màng ngoài in ống đồng
BOM-BTP-00002-001,NVL-00009,PA K800 15mic,13.9,Kg,2.0,Lớp màng rào cản PA dẻo dai
BOM-BTP-00002-001,NVL-00004,PE sữa K750 190mic,135.2,Kg,2.0,Lớp màng hàn dán trong cùng
BOM-BTP-00002-001,NVL-00025,Keo D-9700,3.6,Kg,3.0,Định mức keo ghép 2 lớp màng
BOM-BTP-00002-001,NVL-00026,Chất Đóng Rắn CL-3192K,0.72,Kg,3.0,Chất đóng rắn Isocyanate
BOM-BTP-00002-001,NVL-00027,Dung Môi Ethyl Acetate,5.4,Kg,5.0,Dung môi pha keo ghép màng khô
BOM-BTP-00003-001,NVL-00030,PET in 888 - Đam Mê,1020.0,m,2.0,Lớp màng ngoài in ống đồng
BOM-BTP-00003-001,NVL-00009,PA K800 15mic,13.9,Kg,2.0,Lớp màng rào cản PA dẻo dai
BOM-BTP-00003-001,NVL-00004,PE sữa K750 190mic,135.2,Kg,2.0,Lớp màng hàn dán trong cùng
BOM-BTP-00003-001,NVL-00025,Keo D-9700,3.6,Kg,3.0,Định mức keo ghép 2 lớp màng
BOM-BTP-00003-001,NVL-00026,Chất Đóng Rắn CL-3192K,0.72,Kg,3.0,Chất đóng rắn Isocyanate
BOM-BTP-00003-001,NVL-00027,Dung Môi Ethyl Acetate,5.4,Kg,5.0,Dung môi pha keo ghép màng khô
BOM-BTP-00004-001,NVL-00031,PET in NGCS Đỏ - Tím,1020.0,m,2.0,Lớp màng ngoài in ống đồng
BOM-BTP-00004-001,NVL-00009,PA K800 15mic,13.9,Kg,2.0,Lớp màng rào cản PA dẻo dai
BOM-BTP-00004-001,NVL-00004,PE sữa K750 190mic,135.2,Kg,2.0,Lớp màng hàn dán trong cùng
BOM-BTP-00004-001,NVL-00025,Keo D-9700,3.6,Kg,3.0,Định mức keo ghép 2 lớp màng
BOM-BTP-00004-001,NVL-00026,Chất Đóng Rắn CL-3192K,0.72,Kg,3.0,Chất đóng rắn Isocyanate
BOM-BTP-00004-001,NVL-00027,Dung Môi Ethyl Acetate,5.4,Kg,5.0,Dung môi pha keo ghép màng khô
BOM-BTP-00005-001,NVL-00032,PET in NGCS Hồng - Xanh,1020.0,m,2.0,Lớp màng ngoài in ống đồng
BOM-BTP-00005-001,NVL-00009,PA K800 15mic,13.9,Kg,2.0,Lớp màng rào cản PA dẻo dai
BOM-BTP-00005-001,NVL-00004,PE sữa K750 190mic,135.2,Kg,2.0,Lớp màng hàn dán trong cùng
BOM-BTP-00005-001,NVL-00025,Keo D-9700,3.6,Kg,3.0,Định mức keo ghép 2 lớp màng
BOM-BTP-00005-001,NVL-00026,Chất Đóng Rắn CL-3192K,0.72,Kg,3.0,Chất đóng rắn Isocyanate
BOM-BTP-00005-001,NVL-00027,Dung Môi Ethyl Acetate,5.4,Kg,5.0,Dung môi pha keo ghép màng khô
BOM-BTP-00006-001,NVL-00033,PET in Minh Râu Tím,1020.0,m,2.0,Lớp màng ngoài in ống đồng
BOM-BTP-00006-001,NVL-00009,PA K800 15mic,13.9,Kg,2.0,Lớp màng rào cản PA dẻo dai
BOM-BTP-00006-001,NVL-00004,PE sữa K750 190mic,135.2,Kg,2.0,Lớp màng hàn dán trong cùng
BOM-BTP-00006-001,NVL-00025,Keo D-9700,3.6,Kg,3.0,Định mức keo ghép 2 lớp màng
BOM-BTP-00006-001,NVL-00026,Chất Đóng Rắn CL-3192K,0.72,Kg,3.0,Chất đóng rắn Isocyanate
BOM-BTP-00006-001,NVL-00027,Dung Môi Ethyl Acetate,5.4,Kg,5.0,Dung môi pha keo ghép màng khô
BOM-BTP-00007-001,NVL-00034,PET in TopGia 2L,1020.0,m,2.0,Lớp màng ngoài in ống đồng
BOM-BTP-00007-001,NVL-00009,PA K800 15mic,13.9,Kg,2.0,Lớp màng rào cản PA dẻo dai
BOM-BTP-00007-001,NVL-00004,PE sữa K750 190mic,135.2,Kg,2.0,Lớp màng hàn dán trong cùng
BOM-BTP-00007-001,NVL-00025,Keo D-9700,3.6,Kg,3.0,Định mức keo ghép 2 lớp màng
BOM-BTP-00007-001,NVL-00026,Chất Đóng Rắn CL-3192K,0.72,Kg,3.0,Chất đóng rắn Isocyanate
BOM-BTP-00007-001,NVL-00027,Dung Môi Ethyl Acetate,5.4,Kg,5.0,Dung môi pha keo ghép màng khô
BOM-BTP-00008-001,NVL-00035,PET in Softy 3L,1020.0,m,2.0,Lớp màng ngoài in ống đồng
BOM-BTP-00008-001,NVL-00009,PA K800 15mic,13.9,Kg,2.0,Lớp màng rào cản PA dẻo dai
BOM-BTP-00008-001,NVL-00004,PE sữa K750 190mic,135.2,Kg,2.0,Lớp màng hàn dán trong cùng
BOM-BTP-00008-001,NVL-00025,Keo D-9700,3.6,Kg,3.0,Định mức keo ghép 2 lớp màng
BOM-BTP-00008-001,NVL-00026,Chất Đóng Rắn CL-3192K,0.72,Kg,3.0,Chất đóng rắn Isocyanate
BOM-BTP-00008-001,NVL-00027,Dung Môi Ethyl Acetate,5.4,Kg,5.0,Dung môi pha keo ghép màng khô
BOM-BTP-00009-001,NVL-00036,PET in FUTA Xanh MT,1020.0,m,2.0,Lớp màng ngoài in ống đồng
BOM-BTP-00009-001,NVL-00009,PA K800 15mic,13.9,Kg,2.0,Lớp màng rào cản PA dẻo dai
BOM-BTP-00009-001,NVL-00004,PE sữa K750 190mic,135.2,Kg,2.0,Lớp màng hàn dán trong cùng
BOM-BTP-00009-001,NVL-00025,Keo D-9700,3.6,Kg,3.0,Định mức keo ghép 2 lớp màng
BOM-BTP-00009-001,NVL-00026,Chất Đóng Rắn CL-3192K,0.72,Kg,3.0,Chất đóng rắn Isocyanate
BOM-BTP-00009-001,NVL-00027,Dung Môi Ethyl Acetate,5.4,Kg,5.0,Dung môi pha keo ghép màng khô
BOM-BTP-00010-001,NVL-00037,PET in FUTA Xanh MS,1020.0,m,2.0,Lớp màng ngoài in ống đồng
BOM-BTP-00010-001,NVL-00009,PA K800 15mic,13.9,Kg,2.0,Lớp màng rào cản PA dẻo dai
BOM-BTP-00010-001,NVL-00004,PE sữa K750 190mic,135.2,Kg,2.0,Lớp màng hàn dán trong cùng
BOM-BTP-00010-001,NVL-00025,Keo D-9700,3.6,Kg,3.0,Định mức keo ghép 2 lớp màng
BOM-BTP-00010-001,NVL-00026,Chất Đóng Rắn CL-3192K,0.72,Kg,3.0,Chất đóng rắn Isocyanate
BOM-BTP-00010-001,NVL-00027,Dung Môi Ethyl Acetate,5.4,Kg,5.0,Dung môi pha keo ghép màng khô
BOM-BTP-00011-001,NVL-00038,PET in FUTA Tím MT,1020.0,m,2.0,Lớp màng ngoài in ống đồng
BOM-BTP-00011-001,NVL-00009,PA K800 15mic,13.9,Kg,2.0,Lớp màng rào cản PA dẻo dai
BOM-BTP-00011-001,NVL-00004,PE sữa K750 190mic,135.2,Kg,2.0,Lớp màng hàn dán trong cùng
BOM-BTP-00011-001,NVL-00025,Keo D-9700,3.6,Kg,3.0,Định mức keo ghép 2 lớp màng
BOM-BTP-00011-001,NVL-00026,Chất Đóng Rắn CL-3192K,0.72,Kg,3.0,Chất đóng rắn Isocyanate
BOM-BTP-00011-001,NVL-00027,Dung Môi Ethyl Acetate,5.4,Kg,5.0,Dung môi pha keo ghép màng khô
BOM-BTP-00012-001,NVL-00039,PET in FUTA Tím MS,1020.0,m,2.0,Lớp màng ngoài in ống đồng
BOM-BTP-00012-001,NVL-00009,PA K800 15mic,13.9,Kg,2.0,Lớp màng rào cản PA dẻo dai
BOM-BTP-00012-001,NVL-00004,PE sữa K750 190mic,135.2,Kg,2.0,Lớp màng hàn dán trong cùng
BOM-BTP-00012-001,NVL-00025,Keo D-9700,3.6,Kg,3.0,Định mức keo ghép 2 lớp màng
BOM-BTP-00012-001,NVL-00026,Chất Đóng Rắn CL-3192K,0.72,Kg,3.0,Chất đóng rắn Isocyanate
BOM-BTP-00012-001,NVL-00027,Dung Môi Ethyl Acetate,5.4,Kg,5.0,Dung môi pha keo ghép màng khô
BOM-BTP-00013-001,NVL-00028,PET in 888 - Phấn Thơm,1020.0,m,2.0,Lớp màng ngoài in ống đồng
BOM-BTP-00013-001,NVL-00009,PA K800 15mic,13.9,Kg,2.0,Lớp màng rào cản PA dẻo dai
BOM-BTP-00013-001,NVL-00004,PE sữa K750 190mic,135.2,Kg,2.0,Lớp màng hàn dán trong cùng
BOM-BTP-00013-001,NVL-00025,Keo D-9700,3.6,Kg,3.0,Định mức keo ghép 2 lớp màng
BOM-BTP-00013-001,NVL-00026,Chất Đóng Rắn CL-3192K,0.72,Kg,3.0,Chất đóng rắn Isocyanate
BOM-BTP-00013-001,NVL-00027,Dung Môi Ethyl Acetate,5.4,Kg,5.0,Dung môi pha keo ghép màng khô
