item_code,item_name,custom_alias,item_group,stock_uom,brand,default_material_request_type,standard_rate,min_order_qty,safety_stock,disabled,is_stock_item,is_sales_item,is_purchase_item,custom_structure_layers,custom_thickness_mic,custom_film_width_mm,custom_pouch_width_mm,custom_pouch_length_mm,custom_gusset_mm,custom_cut_length_mm,custom_print_tech,custom_accessory_spec,custom_cylinder_item,custom_cylinder_code,custom_cylinder_length_mm,custom_cylinder_circ_mm,custom_cylinder_qty,custom_cylinder_location,description
NVL-00001,Màng AL K560 6mic,AL K560 6mic,Màng Thô NVL,Kg,,Purchase,160000,0,0,0,1,0,1,AL,6,560,0,0,0,0,Không in,,,,,0,0,,
NVL-00002,Màng MPET K800 12mic,MPET K800 12mic,Màng Thô NVL,Kg,,Purchase,57000,0,0,0,1,0,1,MPET,12,800,0,0,0,0,Không in,,,,,0,0,,
NVL-00003,Màng PA 2 mặt K800 15mic,PA K800 15mic,Màng Thô NVL,Kg,,Purchase,80000,0,0,0,1,0,1,PA,15,800,0,0,0,0,Không in,,,,,0,0,,
NVL-00004,Màng PE TRONG K660 75mic,PE Trong K660 75mic,Màng Thô NVL,Kg,,Purchase,49000,0,0,0,1,0,1,PE,75,660,0,0,0,0,Không in,,,,,0,0,,
NVL-00005,Màng PE TRONG K700 150mic,PE Trong K700 150mic,Màng Thô NVL,Kg,,Purchase,49000,0,0,0,1,0,1,PE,150,700,0,0,0,0,Không in,,,,,0,0,,
NVL-00006,Màng PES K700 190mic,PE Sữa K700 190mic,Màng Thô NVL,Kg,,Purchase,52000,0,0,0,1,0,1,PES,190,700,0,0,0,0,Không in,,,,,0,0,,
NVL-00007,Màng PET K700 12mic,PET K700 12mic,Màng Thô NVL,Kg,,Purchase,47000,0,0,0,1,0,1,PET,12,700,0,0,0,0,Không in,,,,,0,0,,
NVL-00008,Màng PET K800 12mic,PET K800 12mic,Màng Thô NVL,Kg,,Purchase,48000,0,0,0,1,0,1,PET,12,800,0,0,0,0,Không in,,,,,0,0,,
TRUC-G4010806,TÚI NƯỚC GIẶT SACHPOONG 3.2KG,Trục NƯỚC GIẶT SACHPOONG 3.2KG,Trục In Ống Đồng,Cây,,Purchase,0,0,0,0,1,0,0,,0,0,0,0,0,0,Không in,,,G4010806,800,564,5,VẠN PHÁT,
TRUC-G4010805,TÚI NƯỚC GIẶT SACHPOONG 0.6KG,Trục NƯỚC GIẶT SACHPOONG 0.6KG,Trục In Ống Đồng,Cây,,Purchase,0,0,0,0,1,0,0,,0,0,0,0,0,0,Không in,,,G4010805,750,456,5,VẠN PHÁT,
TRUC-G4010947,TÚI NƯỚC GIẶT RAPTOR CLEAN 0.6KG,Trục NƯỚC GIẶT RAPTOR CLEAN 0.6KG,Trục In Ống Đồng,Cây,,Purchase,0,0,0,0,1,0,0,,0,0,0,0,0,0,Không in,,,G4010947,750,456,7,VẠN PHÁT,
TRUC-G4011425,TÚI NƯỚC GIẶT TOPGIA HOA NẮNG 1L,Trục NƯỚC GIẶT TOPGIA HOA NẮNG 1L,Trục In Ống Đồng,Cây,,Purchase,0,0,0,0,1,0,0,,0,0,0,0,0,0,Không in,,,G4011425,750,404,6,KIẾN TÂM,
TRUC-G4011427,TÚI NƯỚC GIẶT TOPGIA ĐẮM SAY 1L,Trục NƯỚC GIẶT TOPGIA ĐẮM SAY 1L,Trục In Ống Đồng,Cây,,Purchase,0,0,0,0,1,0,0,,0,0,0,0,0,0,Không in,,,G4011427,750,404,6,KIẾN TÂM,
TRUC-G4011409,TÚI NƯỚC GIẶT TRẦN QUÂN 2KG,Trục NƯỚC GIẶT TRẦN QUÂN 2KG,Trục In Ống Đồng,Cây,,Purchase,0,0,0,0,1,0,0,,0,0,0,0,0,0,Không in,,,G4011409,750,484,4,VẠN PHÁT,
TRUC-G4011542,TÚI NƯỚC GIẶT DPCLEAN 0.6KG,Trục NƯỚC GIẶT DPCLEAN 0.6KG,Trục In Ống Đồng,Cây,,Purchase,0,0,0,0,1,0,0,,0,0,0,0,0,0,Không in,,,G4011542,750,456,5,VẠN PHÁT,
TRUC-G4006940,TÚI NƯỚC GIẶT 888 3.2KG HƯƠNG PHẤN THƠM - HỒNG,Trục NƯỚC GIẶT 888 3.2KG HƯƠNG PHẤN THƠM HỒNG,Trục In Ống Đồng,Cây,,Purchase,0,0,0,0,1,0,0,,0,0,0,0,0,0,Không in,,,G4006940,800,564,5,KIẾN TÂM,
TRUC-G4006961,TÚI NƯỚC GIẶT 888 3.2KG HƯƠNG HUYỀN BÍ - TÍM,Trục NƯỚC GIẶT 888 3.2KG HƯƠNG HUYỀN BÍ TÍM,Trục In Ống Đồng,Cây,,Purchase,0,0,0,0,1,0,0,,0,0,0,0,0,0,Không in,,,G4006961,800,564,5,KIẾN TÂM,
TRUC-G4006960,TÚI NƯỚC GIẶT 888 3.2KG HƯƠNG ĐAM MÊ - ĐỎ,Trục NƯỚC GIẶT 888 3.2KG HƯƠNG ĐAM MÊ ĐỎ,Trục In Ống Đồng,Cây,,Purchase,0,0,0,0,1,0,0,,0,0,0,0,0,0,Không in,,,G4006960,800,564,5,VẠN PHÁT,
TRUC-G4012179,TÚI NƯỚC GIẶT BLUUM 3KG ĐEN,Trục NƯỚC GIẶT BLUUM 3KG ĐEN,Trục In Ống Đồng,Cây,,Purchase,0,0,0,0,1,0,0,,0,0,0,0,0,0,Không in,,,G4012179,800,564,5,VẠN PHÁT,
TRUC-G4012417,TÚI NƯỚC LAU SÀN 888 0.6KG,Trục NƯỚC LAU SÀN 888 0.6KG,Trục In Ống Đồng,Cây,,Purchase,0,0,0,0,1,0,0,,0,0,0,0,0,0,Không in,,,G4012417,750,456,6,VẠN PHÁT,
TRUC-G4012418,TÚI NƯỚC RỬA CHÉN 888 0.6KG,Trục NƯỚC RỬA CHÉN 888 0.6KG,Trục In Ống Đồng,Cây,,Purchase,0,0,0,0,1,0,0,,0,0,0,0,0,0,Không in,,,G4012418,750,456,5,VẠN PHÁT,
TRUC-G4012676,TÚI NƯỚC GIẶT KHÔNG TÊN (NỀN HỒNG + NỀN TÍM),Trục NƯỚC GIẶT KHÔNG TÊN,Trục In Ống Đồng,Cây,,Purchase,0,0,0,0,1,0,0,,0,0,0,0,0,0,Không in,,,G4012676,800,564,5,TUỆ NHI,
TRUC-G4005887,TÚI NƯỚC GIẶT MINH RÂU 3.2KG TÍM,Trục NƯỚC GIẶT MINH RÂU 3.2KG TÍM,Trục In Ống Đồng,Cây,,Purchase,0,0,0,0,1,0,0,,0,0,0,0,0,0,Không in,,,G4005887,780,564,6,KIẾN TÂM,
TRUC-G4005883,TÚI NƯỚC GIẶT MINH RÂU 3.2KG HỒNG,Trục NƯỚC GIẶT MINH RÂU 3.2KG HỒNG,Trục In Ống Đồng,Cây,,Purchase,0,0,0,0,1,0,0,,0,0,0,0,0,0,Không in,,,G4005883,780,564,6,KIẾN TÂM,
TRUC-G4012178,TÚI NƯỚC GIẶT BLUUM 3KG XANH,Trục NƯỚC GIẶT BLUUM 3KG XANH,Trục In Ống Đồng,Cây,,Purchase,0,0,0,0,1,0,0,,0,0,0,0,0,0,Không in,,,G4012178,800,564,6,VẠN PHÁT,
TRUC-Z437761,TÚI YAOURT HOA HỒNG,Trục YAOURT HOA HỒNG,Trục In Ống Đồng,Cây,,Purchase,0,0,0,0,1,0,0,,0,0,0,0,0,0,Không in,,,Z437761,435,350,2,VẠN PHÁT,
TRUC-G4005877,TÚI NƯỚC GIẶT 888 0.6KG - ĐỎ,Trục 888 06kg Do,Trục In Ống Đồng,Cây,,Purchase,0,0,0,0,1,0,0,,0,0,0,0,0,0,Không in,,,G4005877,750,456,6,VẠN PHÁT,
TRUC-G4006655,TÚI NƯỚC GIẶT 888 0.6KG - TÍM,Trục 888 06kg Tim,Trục In Ống Đồng,Cây,,Purchase,0,0,0,0,1,0,0,,0,0,0,0,0,0,Không in,,,G4006655,750,456,5,VẠN PHÁT,
TRUC-G4006660,TÚI NƯỚC GIẶT 888 0.6KG - HỒNG,Trục 888 06kg Hong,Trục In Ống Đồng,Cây,,Purchase,0,0,0,0,1,0,0,,0,0,0,0,0,0,Không in,,,G4006660,750,456,5,VẠN PHÁT,
TRUC-G4005897,TÚI NƯỚC GIẶT 888 2KG - ĐỎ,Trục 888 2kg Do,Trục In Ống Đồng,Cây,,Purchase,0,0,0,0,1,0,0,,0,0,0,0,0,0,Không in,,,G4005897,750,484,5,VẠN PHÁT,
TRUC-G4005893,TÚI NƯỚC GIẶT 888 2KG - TÍM,Trục 888 2kg Tim,Trục In Ống Đồng,Cây,,Purchase,0,0,0,0,1,0,0,,0,0,0,0,0,0,Không in,,,G4005893,750,484,5,VẠN PHÁT,
TRUC-G4006677,TÚI NƯỚC GIẶT 888 2KG - HỒNG,Trục 888 2kg Hong,Trục In Ống Đồng,Cây,,Purchase,0,0,0,0,1,0,0,,0,0,0,0,0,0,Không in,,,G4006677,750,484,5,VẠN PHÁT,
TRUC-G4006905,TÚI NƯỚC GIẶT PREMIUM 3.2KG TÍM,Trục NƯỚC GIẶT PREMIUM 3.2KG TÍM,Trục In Ống Đồng,Cây,,Purchase,0,0,0,0,1,0,0,,0,0,0,0,0,0,Không in,,,G4006905,800,564,5,KIẾN TÂM,
TRUC-G4006924,TÚI NƯỚC GIẶT PREMIUM 3.2KG ĐỎ,Trục NƯỚC GIẶT PREMIUM 3.2KG ĐỎ,Trục In Ống Đồng,Cây,,Purchase,0,0,0,0,1,0,0,,0,0,0,0,0,0,Không in,,,G4006924,800,564,5,VẠN PHÁT,
TRUC-Z417582,TÚI NƯỚC GIẶT MASA,Trục NƯỚC GIẶT MASA,Trục In Ống Đồng,Cây,,Purchase,0,0,0,0,1,0,0,,0,0,0,0,0,0,Không in,,,Z417582,900,568,5,VẠN PHÁT,
TRUC-G631383,TÚI NƯỚC GIẶT YUMI CARE 3.6L,Trục NƯỚC GIẶT YUMI CARE 3.6L,Trục In Ống Đồng,Cây,,Purchase,0,0,0,0,1,0,0,,0,0,0,0,0,0,Không in,,,G631383,900,568,5,VẠN PHÁT,
TRUC-G4002697,TÚI NƯỚC GIẶT SOFIA 3KG XANH (HƯƠNG LYLY),Trục NƯỚC GIẶT SOFIA 3KG XANH,Trục In Ống Đồng,Cây,,Purchase,0,0,0,0,1,0,0,,0,0,0,0,0,0,Không in,,,G4002697,850,526,5,VẠN PHÁT,
TRUC-Z418556,TÚI NƯỚC GIẶT CLEAN (CLEANZ) 3.6L,Trục NƯỚC GIẶT CLEAN 3.6L,Trục In Ống Đồng,Cây,,Purchase,0,0,0,0,1,0,0,,0,0,0,0,0,0,Không in,,,Z418556,900,568,8,VẠN PHÁT,
TRUC-G630657,TÚI NƯỚC GIẶT CLEAN (CLEANZ) 2L,Trục NƯỚC GIẶT CLEAN 2L,Trục In Ống Đồng,Cây,,Purchase,0,0,0,0,1,0,0,,0,0,0,0,0,0,Không in,,,G630657,800,466,8,VẠN PHÁT,
TRUC-G628929,TÚI MÈ VỎ MINH CHÂU 1KG,Trục MÈ VỎ MINH CHÂU 1KG,Trục In Ống Đồng,Cây,,Purchase,0,0,0,0,1,0,0,,0,0,0,0,0,0,Không in,,,G628929,800,440,5,VẠN PHÁT,
TRUC-G631044,TÚI CÀ PHÊ BẢO TRÂN THƯỢNG HẠNG 500G,Trục CÀ PHÊ BẢO TRÂN THƯỢNG HẠNG 500G,Trục In Ống Đồng,Cây,,Purchase,0,0,0,0,1,0,0,,0,0,0,0,0,0,Không in,,,G631044,800,550,4,VẠN PHÁT,
TRUC-G630788,CUỘN MÀNG CÀ PHÊ VIỆT FARM 16G,Trục Cuộn MÀNG CÀ PHÊ VIỆT FARM 16G,Trục In Ống Đồng,Cây,,Purchase,0,0,0,0,1,0,0,,0,0,0,0,0,0,Không in,,,G630788,800,468,7,VẠN PHÁT,
TRUC-G628231,TÚI THỨC ĂN CHO CHIM 500G,Trục THỨC ĂN CHO CHIM 500G,Trục In Ống Đồng,Cây,,Purchase,0,0,0,0,1,0,0,,0,0,0,0,0,0,Không in,,,G628231,800,480,5,VẠN PHÁT,
TRUC-G628230,TÚI THỨC ĂN CHO CHIM 200G,Trục THỨC ĂN CHO CHIM 200G,Trục In Ống Đồng,Cây,,Purchase,0,0,0,0,1,0,0,,0,0,0,0,0,0,Không in,,,G628230,800,480,8,VẠN PHÁT,
TRUC-G627954,TÚI MUỐI TÔM MUỐI ỚT,Trục MUỐI TÔM MUỐI ỚT,Trục In Ống Đồng,Cây,,Purchase,0,0,0,0,1,0,0,,0,0,0,0,0,0,Không in,,,G627954,800,460,5,VẠN PHÁT,
TRUC-G630103,TÚI HẠT HƯỚNG DƯƠNG SẠCH RANG CỦI LOẠI ĐẶC BIỆT 500G,Trục HẠT HƯỚNG DƯƠNG SẠCH RANG CỦI LOẠI ĐẶC BIỆT 500G,Trục In Ống Đồng,Cây,,Purchase,0,0,0,0,1,0,0,,0,0,0,0,0,0,Không in,,,G630103,800,540,1,VẠN PHÁT,
TRUC-G630102,TÚI HẠT HƯỚNG DƯƠNG SẠCH RANG CỦI LOẠI 500G,Trục HẠT HƯỚNG DƯƠNG SẠCH RANG CỦI LOẠI 500G,Trục In Ống Đồng,Cây,,Purchase,0,0,0,0,1,0,0,,0,0,0,0,0,0,Không in,,,G630102,800,540,6,VẠN PHÁT,
TRUC-G628207,CUỘN MÀNG ĐỰNG TIÊU 50G,Trục Cuộn MÀNG ĐỰNG TIÊU 50G,Trục In Ống Đồng,Cây,,Purchase,0,0,0,0,1,0,0,,0,0,0,0,0,0,Không in,,,G628207,800,480,5,VẠN PHÁT,
TRUC-Z417825,CUỘN MÀNG SỮA NUTRI,Trục Cuộn MÀNG SỮA NUTRI,Trục In Ống Đồng,Cây,,Purchase,0,0,0,0,1,0,0,,0,0,0,0,0,0,Không in,,,Z417825,800,510,9,VẠN PHÁT,
TRUC-G630368,"CUỘN MÀNG BỘT LÁ TÍA TÔ, BỘT CẦN TÂY 5G","Trục Cuộn MÀNG BỘT LÁ TÍA TÔ, BỘT CẦN TÂY 5G",Trục In Ống Đồng,Cây,,Purchase,0,0,0,0,1,0,0,,0,0,0,0,0,0,Không in,,,G630368,800,500,6,VẠN PHÁT,
TRUC-G628866,TÚI ĐỰNG CƠM CHÁY TƯỜNG DƯƠNG,Trục ĐỰNG CƠM CHÁY TƯỜNG DƯƠNG,Trục In Ống Đồng,Cây,,Purchase,0,0,0,0,1,0,0,,0,0,0,0,0,0,Không in,,,G628866,800,520,3,VẠN PHÁT,
TRUC-G630100,TÚI HẠT DƯA SẠCH RANG CỦI 500G,Trục HẠT DƯA SẠCH RANG CỦI 500G,Trục In Ống Đồng,Cây,,Purchase,0,0,0,0,1,0,0,,0,0,0,0,0,0,Không in,,,G630100,800,510,6,VẠN PHÁT,
TRUC-G630101,TÚI HẠT DƯA SẠCH RANG CỦI LOẠI ĐẶC BIỆT 500G,Trục HẠT DƯA SẠCH RANG CỦI LOẠI ĐẶC BIỆT 500G,Trục In Ống Đồng,Cây,,Purchase,0,0,0,0,1,0,0,,0,0,0,0,0,0,Không in,,,G630101,800,510,1,VẠN PHÁT,
TRUC-G630755,TÚI HẠT DƯA SẠCH RANG CỦI 500G,Trục HẠT DƯA SẠCH RANG CỦI 500G,Trục In Ống Đồng,Cây,,Purchase,0,0,0,0,1,0,0,,0,0,0,0,0,0,Không in,,,G630755,800,540,6,VẠN PHÁT,
TRUC-G630756,TÚI HẠT DƯA SẠCH RANG CỦI LOẠI ĐẶC BIỆT 500G,Trục HẠT DƯA SẠCH RANG CỦI LOẠI ĐẶC BIỆT 500G,Trục In Ống Đồng,Cây,,Purchase,0,0,0,0,1,0,0,,0,0,0,0,0,0,Không in,,,G630756,800,640,1,VẠN PHÁT,
TRUC-G630758,TÚI HƯỚNG DƯƠNG SẠCH RANG CỦI LOẠI ĐẶC BIỆT 500G,Trục HƯỚNG DƯƠNG SẠCH RANG CỦI LOẠI ĐẶC BIỆT 500G,Trục In Ống Đồng,Cây,,Purchase,0,0,0,0,1,0,0,,0,0,0,0,0,0,Không in,,,G630758,800,420,1,VẠN PHÁT,
TRUC-G630757,TÚI HƯỚNG DƯƠNG SẠCH RANG CỦI LOẠI 500G,Trục HƯỚNG DƯƠNG SẠCH RANG CỦI LOẠI 500G,Trục In Ống Đồng,Cây,,Purchase,0,0,0,0,1,0,0,,0,0,0,0,0,0,Không in,,,G630757,800,420,6,VẠN PHÁT,
TRUC-G629977,TÚI CƠM CHÁY CHÀ BÔNG TÀI PHƯƠNG,Trục CƠM CHÁY CHÀ BÔNG TÀI PHƯƠNG,Trục In Ống Đồng,Cây,,Purchase,0,0,0,0,1,0,0,,0,0,0,0,0,0,Không in,,,G629977,800,500,3,VẠN PHÁT,
TRUC-G631221,TÚI BÁNH WAWEL,Trục BÁNH WAWEL,Trục In Ống Đồng,Cây,,Purchase,0,0,0,0,1,0,0,,0,0,0,0,0,0,Không in,,,G631221,800,440,1,VẠN PHÁT,
TRUC-G630072,CUỘN MÀNG BỘT MINH CHÂU,Trục Cuộn MÀNG BỘT MINH CHÂU,Trục In Ống Đồng,Cây,,Purchase,0,0,0,0,1,0,0,,0,0,0,0,0,0,Không in,,,G630072,900,420,2,VẠN PHÁT,
TRUC-G631016,TÚI BÁNH SOLIDARNOSC,Trục BÁNH SOLIDARNOSC,Trục In Ống Đồng,Cây,,Purchase,0,0,0,0,1,0,0,,0,0,0,0,0,0,Không in,,,G631016,800,480,1,VẠN PHÁT,
TRUC-G627906,TÚI SỮA ĐẬU NÀNH,Trục SỮA ĐẬU NÀNH,Trục In Ống Đồng,Cây,,Purchase,0,0,0,0,1,0,0,,0,0,0,0,0,0,Không in,,,G627906,900,440,3,VẠN PHÁT,
TRUC-G631015,TÚI BÁNH FEODORA,Trục BÁNH FEODORA,Trục In Ống Đồng,Cây,,Purchase,0,0,0,0,1,0,0,,0,0,0,0,0,0,Không in,,,G631015,900,540,1,VẠN PHÁT,
TRUC-Z416438,TÚI ỐC COOKED WHOLE WHELK 1KG ( ZIPPER - KT 23.5*28),Trục ỐC COOKED WHOLE WHELK 1KG,Trục In Ống Đồng,Cây,,Purchase,0,0,0,0,1,0,0,,0,0,0,0,0,0,Không in,,,Z416438,750,474,7,VẠN PHÁT,
TRUC-Z416476,TÚI SỐT GIA VỊ IN 8 MÀU ( 2 MẪU/ TRỤC - PHỞ GÀ - NƯỚC CỐT HEO),Trục SỐT GIA VỊ IN 8 MÀU,Trục In Ống Đồng,Cây,,Purchase,0,0,0,0,1,0,0,,0,0,0,0,0,0,Không in,,,Z416476,750,480,9,VẠN PHÁT,
TRUC-Z433654,TÚI ĐỰNG DA CÁ SẤY KHÔ 100G ( ZIPPER ĐÁY ĐỨNG - IN PHỦ MỜ - KT : 18*26CM),Trục ĐỰNG DA CÁ SẤY KHÔ 100G,Trục In Ống Đồng,Cây,,Purchase,0,0,0,0,1,0,0,,0,0,0,0,0,0,Không in,,,Z433654,720,546,6,VẠN PHÁT,
TRUC-Z416475,TÚI SỐT GIA VỊ IN 7 MÀU (2 MẪU/TRỤC - PHỞ BÒ - BÚN BÒ HUẾ) TRỤC CŨ,Trục SỐT GIA VỊ IN 7 MÀU TRỤC CŨ,Trục In Ống Đồng,Cây,,Purchase,0,0,0,0,1,0,0,,0,0,0,0,0,0,Không in,,,Z416475,750,480,7,VẠN PHÁT,
TRUC-Z434004,"MÀNG "" NƯỚC CỐT HEO "" IN 8 MÀU 138G (KT 24CM)","Trục Màng "" NƯỚC CỐT HEO "" IN 8 MÀU 138G",Trục In Ống Đồng,Cây,,Purchase,0,0,0,0,1,0,0,,0,0,0,0,0,0,Không in,,,Z434004,700,510,8,VẠN PHÁT,
TRUC-Z434003,"MÀNG "" NƯỚC CỐT PHỞ GÀ "" IN 7 MÀU 138G (KT 24CM)","Trục Màng "" NƯỚC CỐT PHỞ GÀ "" IN 7 MÀU 138G",Trục In Ống Đồng,Cây,,Purchase,0,0,0,0,1,0,0,,0,0,0,0,0,0,Không in,,,Z434003,700,510,7,VẠN PHÁT,
TRUC-Z416685,"TÚI ĐỰNG SÒ ĐIỆP ""WHOLE SHELL SCALLOPS"" 1KG IN 7 MÀU (ZIPPER - KT 27*33CM)","Trục ĐỰNG SÒ ĐIỆP ""WHOLE SHELL SCALLOPS"" 1KG IN 7 MÀU",Trục In Ống Đồng,Cây,,Purchase,0,0,0,0,1,0,0,,0,0,0,0,0,0,Không in,,,Z416685,750,540,7,VẠN PHÁT,
TRUC-Z435796,TÚI ĐỰNG CHẢ CÁ CHIÊN NGỌC LIÊN 450G - IN 8 MÀU (NỀN CAM - KT 21*31CM),Trục ĐỰNG CHẢ CÁ CHIÊN NGỌC LIÊN 450G IN 8 MÀU,Trục In Ống Đồng,Cây,,Purchase,0,0,0,0,1,0,0,,0,0,0,0,0,0,Không in,,,Z435796,700,424,8,VẠN PHÁT,
TRUC-Z416686,"TÚI ĐỰNG ỐC "" BULOT WHELK - IRELAND"" 1KG IN 8 MÀU (ZIPPER - KT 24*33CM)","Trục ĐỰNG ỐC "" BULOT WHELK IRELAND"" 1KG IN 8 MÀU",Trục In Ống Đồng,Cây,,Purchase,0,0,0,0,1,0,0,,0,0,0,0,0,0,Không in,,,Z416686,750,540,8,VẠN PHÁT,
TRUC-Z436110,TÚI ĐỰNG BỘT PHÔ MAI HOA MỸ KÝ - IN 6 MÀU (KT 14*31CM),Trục ĐỰNG BỘT PHÔ MAI HOA MỸ KÝ IN 6 MÀU,Trục In Ống Đồng,Cây,,Purchase,0,0,0,0,1,0,0,,0,0,0,0,0,0,Không in,,,Z436110,650,620,6,VẠN PHÁT,
TRUC-Z434196,CUỘN MÀNG KEM HOA VÀNG - SOCOLA ( IN 5 MÀU KHỔ 17CM),Trục Cuộn Kem Hoa Vang Socola 17cm,Trục In Ống Đồng,Cây,,Purchase,0,0,0,0,1,0,0,,0,0,0,0,0,0,Không in,,,Z434196,650,570,5,VẠN PHÁT,
TRUC-Z435698,CUỘN MÀNG KEM HOA VÀNG - SẦU RIÊNG ( IN 5 MÀU KHỔ 17CM),Trục Cuộn Kem Hoa Vang Sau Rieng 17cm,Trục In Ống Đồng,Cây,,Purchase,0,0,0,0,1,0,0,,0,0,0,0,0,0,Không in,,,Z435698,650,570,5,TRANG TÍN,
TRUC-Z439843,CUỘN MÀNG KEM HOA VÀNG - TRÁI CÂY TƯƠI ( IN 5 MÀU KHỔ 17CM),Trục Cuộn Kem Hoa Vang Trai Cay 17cm,Trục In Ống Đồng,Cây,,Purchase,0,0,0,0,1,0,0,,0,0,0,0,0,0,Không in,,,Z439843,650,570,5,VẠN PHÁT,
TRUC-Z437016,TÚI ĐỰNG HẠT SÁP WAX LÔNG-NWAXING 100G ( IN PHỦ MỜ - ZIPPER - KT 12*19CM),Trục Dung Hat Sap Nwaxing 100g,Trục In Ống Đồng,Cây,,Purchase,0,0,0,0,1,0,0,,0,0,0,0,0,0,Không in,,,Z437016,700,488,4,VẠN PHÁT,
TRUC-00070,TÚI ĐỰNG HẠT SÁP WAX LÔNG-NWAXING 500G ( IN PHỦ MỜ - ZIPPER - KT 18*26CM),Trục Dung Hat Sap Nwaxing 500g,Trục In Ống Đồng,Cây,,Purchase,0,0,0,0,1,0,0,,0,0,0,0,0,0,Không in,,,,700,546,4,VẠN PHÁT,
TRUC-G614772,TÚI NEM HOÀNG TÚ - IN 5 MÀU (MÀU ĐỎ - KT 12 x 28.5CM),Trục Tui Nem Hoang Tu Do,Trục In Ống Đồng,Cây,,Purchase,0,0,0,0,1,0,0,,0,0,0,0,0,0,Không in,,,G614772,805,575,5,VẠN PHÁT,
TRUC-G612128,TÚI CHẢ LỤA HOÀNG TÚ - IN 6 MÀU (KT 16.5 x 26CM - NỀN ĐỎ),Trục Tui Cha Lua Hoang Tu,Trục In Ống Đồng,Cây,,Purchase,0,0,0,0,1,0,0,,0,0,0,0,0,0,Không in,,,G612128,750,525,6,VẠN PHÁT,
TRUC-Z433493,TÚI CHẢ LỤA HOÀNG TÚ IN 6 MÀU 500G (NỀN ĐỎ),Trục CHẢ LỤA HOÀNG TÚ IN 6 MÀU 500G,Trục In Ống Đồng,Cây,,Purchase,0,0,0,0,1,0,0,,0,0,0,0,0,0,Không in,,,Z433493,650,501,6,VẠN PHÁT,
TRUC-Z416845,TÚI HẠT ĐIỀU CASHEW NUTS - NỀN XANH LÁ ( ĐÁY ĐỨNG - ZIPPER - IN PHỦ MỜ - KT 22*28CM),Trục HẠT ĐIỀU CASHEW NUTS NỀN XANH LÁ,Trục In Ống Đồng,Cây,,Purchase,0,0,0,0,1,0,0,,0,0,0,0,0,0,Không in,,,Z416845,800,444,7,VẠN PHÁT,
TRUC-G125806G2,TÚI PHÂN BÓN GULLER ORCHIDS IN 8  MÀU ( ZIPPER - ĐÁY ĐỨNG - KT 14*19CM),Trục PHÂN BÓN GULLER ORCHIDS IN 8 MÀU,Trục In Ống Đồng,Cây,,Purchase,0,0,0,0,1,0,0,,0,0,0,0,0,0,Không in,,,G125806G2,1060,420,6,VẠN PHÁT,
TRUC-G612508,TÚI NEM HOÀNG TÚ - IN 5 MÀU (MÀU XANH - KT 12 * 28.5CM),Trục Tui Nem Hoang Tu Xanh,Trục In Ống Đồng,Cây,,Purchase,0,0,0,0,1,0,0,,0,0,0,0,0,0,Không in,,,G612508,805,575,5,VẠN PHÁT,
TRUC-Z417577,TÚI MỒI CÂU T5-MỒI RÔ PHI SIÊU CẤP (KT 16*22CM),Trục Tui Moi Cau Ro Phi 16x22,Trục In Ống Đồng,Cây,,Purchase,0,0,0,0,1,0,0,,0,0,0,0,0,0,Không in,,,Z417577,750,440,7,VẠN PHÁT,
TRUC-Z418260,TÚI DINH DƯỠNG ĂN KÈM NỀN VÀNG - TIỆT TRÙNG - KT 8.5*10.5CM),Trục DINH DƯỠNG ĂN KÈM NỀN VÀNG TIỆT TRÙNG KT 8.5*10.5CM),Trục In Ống Đồng,Cây,,Purchase,0,0,0,0,1,0,0,,0,0,0,0,0,0,Không in,,,Z418260,800,420,2,VẠN PHÁT,
TRUC-Z418425,CUỘN MÀNG KEM HƯƠNG VỊ KÝ ỨC HƯƠNG XƯA (4 MẪU/TRỤC - KT 13CM),Trục Cuộn MÀNG KEM HƯƠNG VỊ KÝ ỨC HƯƠNG XƯA,Trục In Ống Đồng,Cây,,Purchase,0,0,0,0,1,0,0,,0,0,0,0,0,0,Không in,,,Z418425,750,440,9,VẠN PHÁT,
TRUC-Z435082,CUỘN MÀNG KEM HOA VÀNG - SOCOLA NHÚNG HẠT KHÔ (IN 5 MÀU - KHỔ 17CM),Trục Cuộn Kem Nhung Hat 17cm,Trục In Ống Đồng,Cây,,Purchase,0,0,0,0,1,0,0,,0,0,0,0,0,0,Không in,,,Z435082,650,570,5,VẠN PHÁT,
TRUC-G652829,TÚI ĐỰNG HẠT ĐẬU DINH DƯỠNG ( TÚI ĐÁY ĐỨNG - ZIPPER - KT 16*23.5CM),Trục ĐỰNG HẠT ĐẬU DINH DƯỠNG,Trục In Ống Đồng,Cây,,Purchase,0,0,0,0,1,0,0,,0,0,0,0,0,0,Không in,,,G652829,650,480,4,VẠN PHÁT,
TRUC-G493102,TÚI ĐỰNG BỘT ỚT 500G - SEOUL FOOD ( NỀN ĐỎ - 3 BIÊN - ZIPPER - KT 19*30CM),Trục Bot Ot Seoul Food 500g,Trục In Ống Đồng,Cây,,Purchase,0,0,0,0,1,0,0,,0,0,0,0,0,0,Không in,,,G493102,700,570,6,VẠN PHÁT,
TRUC-Z437240,TÚI CÀ PHÊ NẤM MEN 10G- NA COFFE (IN PHỦ MỜ -KT: 7.5*9CM),Trục Ca Phe Nam Men 10g,Trục In Ống Đồng,Cây,,Purchase,0,0,0,0,1,0,0,,0,0,0,0,0,0,Không in,,,Z437240,700,450,7,VẠN PHÁT,
TRUC-Z433450,MÀNG BỘT NGỌT OSAKA HÀ GIANG FOOD 350G,Trục Màng BỘT NGỌT OSAKA HÀ GIANG FOOD 350G,Trục In Ống Đồng,Cây,,Purchase,0,0,0,0,1,0,0,,0,0,0,0,0,0,Không in,,,Z433450,700,430,6,VẠN PHÁT,
TRUC-Z433451,MÀNG BỘT NGỌT OSAKA HÀ GIANG FOOD 100G,Trục Màng BỘT NGỌT OSAKA HÀ GIANG FOOD 100G,Trục In Ống Đồng,Cây,,Purchase,0,0,0,0,1,0,0,,0,0,0,0,0,0,Không in,,,Z433451,650,435,6,VẠN PHÁT,
TRUC-Z433306,TÚI ĐỰNG THIẾT BỊ NHỰA KURU KURU HOOK 5KG,Trục ĐỰNG THIẾT BỊ NHỰA KURU KURU HOOK 5KG,Trục In Ống Đồng,Cây,,Purchase,0,0,0,0,1,0,0,,0,0,0,0,0,0,Không in,,,Z433306,650,448,5,VẠN PHÁT,
TRUC-Z433449,MÀNG BỘT NGỌT OSAKA HÀ GIANG FOOD 1KG,Trục Màng BỘT NGỌT OSAKA HÀ GIANG FOOD 1KG,Trục In Ống Đồng,Cây,,Purchase,0,0,0,0,1,0,0,,0,0,0,0,0,0,Không in,,,Z433449,650,500,6,VẠN PHÁT,
TRUC-Z416639,TÚI BÁNH MÌ SANWICH TONY THẾ HIỂN 420G,Trục BÁNH MÌ SANWICH TONY THẾ HIỂN 420G,Trục In Ống Đồng,Cây,,Purchase,0,0,0,0,1,0,0,,0,0,0,0,0,0,Không in,,,Z416639,1050,490,7,VẠN PHÁT,
TRUC-G4006649,TÚI PASSION 3.2KG HƯƠNG NƯỚC HOA CAO CẤP- HỒNG,Trục Passion Huong Nuoc Hoa Hong,Trục In Ống Đồng,Cây,,Purchase,0,0,0,0,1,0,0,,0,0,0,0,0,0,Không in,,,G4006649,800,564,6,KIẾN TÂM,
TRUC-G4006653,TÚI PASSION 3.2KG HƯƠNG NƯỚC HOA ĐAM MÊ - VÀNG,Trục Passion Dam Me Vang,Trục In Ống Đồng,Cây,,Purchase,0,0,0,0,1,0,0,,0,0,0,0,0,0,Không in,,,G4006653,800,564,6,KIẾN TÂM,
TRUC-G4012674,TÚI MÀNG BỌC THỰC PHẨM 300 PCS - TOP GIA ( NỀN XANH LÁ ),Trục MÀNG BỌC THỰC PHẨM 300 PCS TOP GIA,Trục In Ống Đồng,Cây,,Purchase,0,0,0,0,1,0,0,,0,0,0,0,0,0,Không in,,,G4012674,750,730,6,KIẾN TÂM,
TRUC-S515739,TÚI XỐT PHÔ MAI 500G - TANZY,Trục Xot Pho Mai TANZY 500g,Trục In Ống Đồng,Cây,,Purchase,0,0,0,0,1,0,0,,0,0,0,0,0,0,Không in,,,S515739,750,456,9,KIẾN TÂM,
TRUC-G4014162,TÚI NUI THIÊN LONG 200G,Trục NUI THIÊN LONG 200G,Trục In Ống Đồng,Cây,,Purchase,0,0,0,0,1,0,0,,0,0,0,0,0,0,Không in,,,G4014162,800,520,5,TRANG TÍN,
TRUC-G630618,TÚI CỒI SÒ ĐIỆP 1KG - JAPANESE FAVOURITE ( NỀN HỒNG),Trục Tui Coi So Diep Nhat 1kg,Trục In Ống Đồng,Cây,,Purchase,0,0,0,0,1,0,0,,0,0,0,0,0,0,Không in,,,G630618,800,460,6,TRANG TÍN,
TRUC-00095,MÀNG KEM HOA VÀNG - DỪA NON ( IN 5 MÀU - KHỔ 17CM ),Trục Mang Kem Dua Non 17cm,Trục In Ống Đồng,Cây,,Purchase,0,0,0,0,1,0,0,,0,0,0,0,0,0,Không in,,,,650,570,5,TRANG TÍN,
TRUC-G4014589,TÚI NƯỚC GIẶT HỒNG LOAN 2.5L,Trục NƯỚC GIẶT HỒNG LOAN 2.5L,Trục In Ống Đồng,Cây,,Purchase,0,0,0,0,1,0,0,,0,0,0,0,0,0,Không in,,,G4014589,850,504,4,VẠN PHÁT,
TRUC-G4015277,TÚI NƯỚC GIẶT TOPGIA HUYỀN DIỆU 2L,Trục NƯỚC GIẶT TOPGIA HUYỀN DIỆU 2L,Trục In Ống Đồng,Cây,,Purchase,0,0,0,0,1,0,0,,0,0,0,0,0,0,Không in,,,G4015277,820,464,8,VẠN PHÁT,
TRUC-G4015340,TÚI NƯỚC GIẶT TOPGIA ĐẮM SAY 1L - NEW,Trục NƯỚC GIẶT TOPGIA ĐẮM SAY 1L NEW,Trục In Ống Đồng,Cây,,Purchase,0,0,0,0,1,0,0,,0,0,0,0,0,0,Không in,,,G4015340,750,404,6,KIẾN TÂM,
TRUC-G4016016,TÚI NƯỚC GIẶT THE GOOD WIFE 3.2L,Trục NƯỚC GIẶT THE GOOD WIFE 3.2L,Trục In Ống Đồng,Cây,,Purchase,0,0,0,0,1,0,0,,0,0,0,0,0,0,Không in,,,G4016016,750,564,6,KIẾN TÂM,
TRUC-G4016051,TÚI NƯỚC GIẶT XẢ CÔ ÚT 3.2KG,Trục NƯỚC GIẶT XẢ CÔ ÚT 3.2KG,Trục In Ống Đồng,Cây,,Purchase,0,0,0,0,1,0,0,,0,0,0,0,0,0,Không in,,,G4016051,750,564,6,KIẾN TÂM,
TRUC-G4007070,TÚI NƯỚC GIẶT PREMIUM GOLD 3L,Trục NƯỚC GIẶT PREMIUM GOLD 3L,Trục In Ống Đồng,Cây,,Purchase,0,0,0,0,1,0,0,,0,0,0,0,0,0,Không in,,,G4007070,900,568,0,TRANG TÍN,
TRUC-G4016395,TÚI NƯỚC GIẶT XẢ MẸ CHỌN 3.2KG NỀN ĐEN,Trục NƯỚC GIẶT XẢ MẸ CHỌN 3.2KG NỀN ĐEN,Trục In Ống Đồng,Cây,,Purchase,0,0,0,0,1,0,0,,0,0,0,0,0,0,Không in,,,G4016395,640,540,3,KIẾN TÂM,
TRUC-G4016394,TÚI NƯỚC GIẶT XẢ MẸ CHỌN 3.2KG NỀN XANH - TÍM,Trục NƯỚC GIẶT XẢ MẸ CHỌN 3.2KG NỀN XANH TÍM,Trục In Ống Đồng,Cây,,Purchase,0,0,0,0,1,0,0,,0,0,0,0,0,0,Không in,,,G4016394,820,564,5,KIẾN TÂM,
TRUC-G4016428,TÚI HỒ TIÊU NHẬT QUẢNG TRỊ 500G,Trục HỒ TIÊU NHẬT QUẢNG TRỊ 500G,Trục In Ống Đồng,Cây,,Purchase,0,0,0,0,1,0,0,,0,0,0,0,0,0,Không in,,,G4016428,820,564,7,KIẾN TÂM,
TRUC-G4006662,TÚI NƯỚC RỬA CHÉN MIMO 1L - XANH,Trục NƯỚC RỬA CHÉN MIMO 1L XANH,Trục In Ống Đồng,Cây,,Purchase,0,0,0,0,1,0,0,,0,0,0,0,0,0,Không in,,,G4006662,750,588,7,VẠN PHÁT,
TRUC-G4010678,TÚI NƯỚC GIẶT GOOD CARE 3.2KG,Trục NƯỚC GIẶT GOOD CARE 3.2KG,Trục In Ống Đồng,Cây,,Purchase,0,0,0,0,1,0,0,,0,0,0,0,0,0,Không in,,,G4010678,750,564,5,VẠN PHÁT,
TRUC-G4044368,TÚI NƯỚC GIẶT AHA 3KG - NỀN TÍM,Trục Nuoc Giat Aha Tim 3kg,Trục In Ống Đồng,Cây,,Purchase,0,0,0,0,1,0,0,,0,0,0,0,0,0,Không in,,,G4044368,900,526,5,TRANG TÍN,
TRUC-G4005957,TÚI XỐT ƯỚP NƯỚNG MẬT ONG 80G,Trục XỐT ƯỚP NƯỚNG MẬT ONG 80G,Trục In Ống Đồng,Cây,,Purchase,0,0,0,0,1,0,0,,0,0,0,0,0,0,Không in,,,G4005957,750,475,6,VẠN PHÁT,
TRUC-G4005954,TÚI XỐT ƯỚP NƯỚNG BBQ 80G,Trục XỐT ƯỚP NƯỚNG BBQ 80G,Trục In Ống Đồng,Cây,,Purchase,0,0,0,0,1,0,0,,0,0,0,0,0,0,Không in,,,G4005954,750,475,6,TRANG TÍN,
TRUC-G4005956,TÚI XỐT ƯỚP NƯỚNG NGŨ VỊ 80G,Trục XỐT ƯỚP NƯỚNG NGŨ VỊ 80G,Trục In Ống Đồng,Cây,,Purchase,0,0,0,0,1,0,0,,0,0,0,0,0,0,Không in,,,G4005956,750,475,6,VẠN PHÁT,
TRUC-G4005955,TÚI XỐT KHO THỊT 80G,Trục XỐT KHO THỊT 80G,Trục In Ống Đồng,Cây,,Purchase,0,0,0,0,1,0,0,,0,0,0,0,0,0,Không in,,,G4005955,750,475,6,TRANG TÍN,
TRUC-G4005953,TÚI XỐT KHO CÁ 80G,Trục XỐT KHO CÁ 80G,Trục In Ống Đồng,Cây,,Purchase,0,0,0,0,1,0,0,,0,0,0,0,0,0,Không in,,,G4005953,750,475,8,TRANG TÍN,
TRUC-G4005948,TÚI GIA VỊ PHỞ BÒ 110G,Trục GIA VỊ PHỞ BÒ 110G,Trục In Ống Đồng,Cây,,Purchase,0,0,0,0,1,0,0,,0,0,0,0,0,0,Không in,,,G4005948,750,400,8,VẠN PHÁT,
TRUC-G4005949,TÚI GIA VỊ BÒ KHO 110G,Trục GIA VỊ BÒ KHO 110G,Trục In Ống Đồng,Cây,,Purchase,0,0,0,0,1,0,0,,0,0,0,0,0,0,Không in,,,G4005949,750,400,7,VẠN PHÁT,
TRUC-G4005950,TÚI GIA VỊ BÚN BÒ HUẾ 110G,Trục GIA VỊ BÚN BÒ HUẾ 110G,Trục In Ống Đồng,Cây,,Purchase,0,0,0,0,1,0,0,,0,0,0,0,0,0,Không in,,,G4005950,750,400,6,VẠN PHÁT,
TRUC-G4005960,TÚI GIA VỊ LẨU THÁI 180G,Trục GIA VỊ LẨU THÁI 180G,Trục In Ống Đồng,Cây,,Purchase,0,0,0,0,1,0,0,,0,0,0,0,0,0,Không in,,,G4005960,880,480,6,TRANG TÍN,
TRUC-G4005959,TÚI GIA VỊ LẨU HẢI SẢN 180G,Trục GIA VỊ LẨU HẢI SẢN 180G,Trục In Ống Đồng,Cây,,Purchase,0,0,0,0,1,0,0,,0,0,0,0,0,0,Không in,,,G4005959,880,480,6,VẠN PHÁT,
TRUC-G4005958,TÚI GIA VỊ LẨU CHUA CAY 180G,Trục GIA VỊ LẨU CHUA CAY 180G,Trục In Ống Đồng,Cây,,Purchase,0,0,0,0,1,0,0,,0,0,0,0,0,0,Không in,,,G4005958,880,480,8,VẠN PHÁT,
TRUC-G4012180,TÚI HẠT NÊM NỀN XANH + NỀN CAM,Trục Hạt Nêm Nền Xanh Nền Cam,Trục In Ống Đồng,Cây,,Purchase,0,0,0,0,1,0,0,,0,0,0,0,0,0,Không in,,,G4012180,750,568,8,TRANG TÍN,
TRUC-G4010974,TÚI BÁNH HẠT ĐIỀU 200G (HÔNG),Trục BÁNH HẠT ĐIỀU 200G,Trục In Ống Đồng,Cây,,Purchase,0,0,0,0,1,0,0,,0,0,0,0,0,0,Không in,,,G4010974,750,524,7,TRANG TÍN,
TRUC-G4010966,TÚI BÁNH HẠT ĐIỀU VINAHE 200G ( THÂN),Trục BÁNH HẠT ĐIỀU VINAHE 200G,Trục In Ống Đồng,Cây,,Purchase,0,0,0,0,1,0,0,,0,0,0,0,0,0,Không in,,,G4010966,750,498,7,TRANG TÍN,
TRUC-G4010871,CUỘN BÁNH HẠT ĐIỀU VINAHE 11G,Trục Cuộn BÁNH HẠT ĐIỀU VINAHE 11G,Trục In Ống Đồng,Cây,,Purchase,0,0,0,0,1,0,0,,0,0,0,0,0,0,Không in,,,G4010871,750,500,7,TRANG TÍN,
TRUC-G4010794,CUỘN KEM HƯƠNG XƯA,Trục Cuộn KEM HƯƠNG XƯA,Trục In Ống Đồng,Cây,,Purchase,0,0,0,0,1,0,0,,0,0,0,0,0,0,Không in,,,G4010794,750,440,9,TRANG TÍN,
TRUC-Z418225,TÚI NGX KO TÊN TÍM+ ĐỎ LỚN,Trục NGX Không Tên Tím Đỏ Lớn,Trục In Ống Đồng,Cây,,Purchase,0,0,0,0,1,0,0,,0,0,0,0,0,0,Không in,,,Z418225,900,568,8,TUỆ NHI,
TRUC-Z418262,TÚI NGX KO TÊN XANH DƯƠNG + HỒNG LỚN,Trục NGX Không Tên Xanh Dương Hồng Lớn,Trục In Ống Đồng,Cây,,Purchase,0,0,0,0,1,0,0,,0,0,0,0,0,0,Không in,,,Z418262,900,568,1,TUỆ NHI,
TRUC-Z418086,TÚI CHẢ RAM TÔM NGỌC LIÊN 420G (KT 14*29),Trục CHẢ RAM TÔM NGỌC LIÊN 420G,Trục In Ống Đồng,Cây,,Purchase,0,0,0,0,1,0,0,,0,0,0,0,0,0,Không in,,,Z418086,750,580,7,VẠN PHÁT,
TRUC-G629036,TÚI CÀ PHÊ LÂM NGAO 500G,Trục CÀ PHÊ LÂM NGAO 500G,Trục In Ống Đồng,Cây,,Purchase,0,0,0,0,1,0,0,,0,0,0,0,0,0,Không in,,,G629036,900,600,6,VẠN PHÁT,
TRUC-G631656,"TÚI VIÊN SÚP HẢI SẢN , BÀO NGƯ, HẢI SÂM","Trục VIÊN SÚP HẢI SẢN , BÀO NGƯ, HẢI SÂM",Trục In Ống Đồng,Cây,,Purchase,0,0,0,0,1,0,0,,0,0,0,0,0,0,Không in,,,G631656,900,600,7,VẠN PHÁT,
TRUC-G631662,"TÚI VIÊN SÚP HẢI SẢN , BÀO NGƯ, HẢI SÂM","Trục VIÊN SÚP HẢI SẢN , BÀO NGƯ, HẢI SÂM",Trục In Ống Đồng,Cây,,Purchase,0,0,0,0,1,0,0,,0,0,0,0,0,0,Không in,,,G631662,900,600,1,VẠN PHÁT,
TRUC-G4005609,TÚI NƯỚC GIẶT XẢ PARIS 1KG,Trục NƯỚC GIẶT XẢ PARIS 1KG,Trục In Ống Đồng,Cây,,Purchase,0,0,0,0,1,0,0,,0,0,0,0,0,0,Không in,,,G4005609,392,500,7,VẠN PHÁT,
TRUC-SB02240264,TÚI CHUỐI,Trục CHUỐI,Trục In Ống Đồng,Cây,,Purchase,0,0,0,0,1,0,0,,0,0,0,0,0,0,Không in,,,SB02240264,670,470,5,VẠN PHÁT,
TRUC-G626324,CUỘN CÀ PHÊ MUỐI LONG ONE,Trục Cuộn CÀ PHÊ MUỐI LONG ONE,Trục In Ống Đồng,Cây,,Purchase,0,0,0,0,1,0,0,,0,0,0,0,0,0,Không in,,,G626324,900,450,6,VẠN PHÁT,
TRUC-G629613,TÚI ĐỰNG CƠM CHIÊN,Trục ĐỰNG CƠM CHIÊN,Trục In Ống Đồng,Cây,,Purchase,0,0,0,0,1,0,0,,0,0,0,0,0,0,Không in,,,G629613,900,510,6,VẠN PHÁT,
TRUC-Z416612,TÚI NƯỚC CỐT HỦ TIẾU + NƯỚC CỐT BÚN MẮM (2 MẪU / 1 BỘ) TRỤC CŨ,Trục Nước Cốt Hủ Tiếu Nước Cốt Bún Mắm Trục Cũ,Trục In Ống Đồng,Cây,,Purchase,0,0,0,0,1,0,0,,0,0,0,0,0,0,Không in,,,Z416612,750,480,10,VẠN PHÁT,
TRUC-Z418465,TÚI NƯỚC GIẶT AHA 3KG - 2 MẪU /1 BỘ,Trục Nuoc Giat Aha 2 Mau,Trục In Ống Đồng,Cây,,Purchase,0,0,0,0,1,0,0,,0,0,0,0,0,0,Không in,,,Z418465,800,526,7,VẠN PHÁT,
TRUC-Z433912,TÚI MÌ QUẢNG KHÔ HAPPINUT 480G,Trục MÌ QUẢNG KHÔ HAPPINUT 480G,Trục In Ống Đồng,Cây,,Purchase,0,0,0,0,1,0,0,,0,0,0,0,0,0,Không in,,,Z433912,750,500,9,VẠN PHÁT,
TRUC-G625648,TÚI CÀ PHÊ MUỐI,Trục CÀ PHÊ MUỐI,Trục In Ống Đồng,Cây,,Purchase,0,0,0,0,1,0,0,,0,0,0,0,0,0,Không in,,,G625648,800,550,3,VẠN PHÁT,
TRUC-G631570,TÚI MỒI CÂU T5-CÁ RÔ PHI BỂ,Trục Tui Moi Cau Ro Phi Be,Trục In Ống Đồng,Cây,,Purchase,0,0,0,0,1,0,0,,0,0,0,0,0,0,Không in,,,G631570,800,480,2,VẠN PHÁT,
TRUC-Z433914,TÚI BÁNH TRÁNG CUỐN ĐẠI LỘC HAPPINUT 500G,Trục BÁNH TRÁNG CUỐN ĐẠI LỘC HAPPINUT 500G,Trục In Ống Đồng,Cây,,Purchase,0,0,0,0,1,0,0,,0,0,0,0,0,0,Không in,,,Z433914,700,520,7,VẠN PHÁT,
TRUC-Z418580,TÚI NƯỚC GIẶT HPRO,Trục NƯỚC GIẶT HPRO,Trục In Ống Đồng,Cây,,Purchase,0,0,0,0,1,0,0,,0,0,0,0,0,0,Không in,,,Z418580,900,546,5,VẠN PHÁT,
TRUC-P96149,"TÚI ĐỰNG KEM APILO ( DỪA, DƯA GANG, ĐẬU XANH) - 3 MẪU /1 BỘ",Trục Kem Apilo 3 Mau,Trục In Ống Đồng,Cây,,Purchase,0,0,0,0,1,0,0,,0,0,0,0,0,0,Không in,,,P96149,650,440,7,VẠN PHÁT,
TRUC-Z416634,TÚI NƯỚC CỐT BÒ KHO + NƯỚC CỐT BÚN RIÊU ( 2 MẪU/1 BỘ),Trục Nước Cốt Bò Kho Nước Cốt Bún Riêu,Trục In Ống Đồng,Cây,,Purchase,0,0,0,0,1,0,0,,0,0,0,0,0,0,Không in,,,Z416634,750,480,8,VẠN PHÁT,
TRUC-G628405,TÚI LYLA EATS,Trục LYLA EATS,Trục In Ống Đồng,Cây,,Purchase,0,0,0,0,1,0,0,,0,0,0,0,0,0,Không in,,,G628405,800,435,8,VẠN PHÁT,
TRUC-G628206,MÀNG TIÊU ĐẠI PHÁT 15G,Trục Màng TIÊU ĐẠI PHÁT 15G,Trục In Ống Đồng,Cây,,Purchase,0,0,0,0,1,0,0,,0,0,0,0,0,0,Không in,,,G628206,800,500,5,VẠN PHÁT,
TRUC-G4004063,TÚI NƯỚC GIẶT XẢ KHÔNG TÊN 2L ( NỀN ĐEN - CÔ GÁI + NỀN XANH DƯƠNG ĐẬM - HOA HỒNG - 2 MẪU/TRỤC - KT 24*30CM) 4 LỚP,Trục NƯỚC GIẶT XẢ KHÔNG TÊN 2L 4 LỚP,Trục In Ống Đồng,Cây,,Purchase,0,0,0,0,1,0,0,,0,0,0,0,0,0,Không in,,,G4004063,850,486,8,VẠN PHÁT,
TRUC-G4004064,TÚI NƯỚC GIẶT XẢ KHÔNG TÊN 2L ( NỀN VÀNG - CÔ GÁI + NỀN TRẮNG - HOA HỒNG - 2 MẪU/TRỤC - KT 24*30CM) 4 LỚP,Trục NƯỚC GIẶT XẢ KHÔNG TÊN 2L 4 LỚP,Trục In Ống Đồng,Cây,,Purchase,0,0,0,0,1,0,0,,0,0,0,0,0,0,Không in,,,G4004064,850,486,1,VẠN PHÁT,
TRUC-G4013050,NƯỚC GIẶT FUTA TRUE 3KG,NƯỚC GIẶT FUTA TRUE 3KG,Trục In Ống Đồng,Cây,,Purchase,0,0,0,0,1,0,0,,0,0,0,0,0,0,Không in,,,G4013050,900,544,6,TRANG TÍN,
TRUC-G1005432,TÚI KEM HOA VÀNG VỊ SOCOLA 62G,Trục KEM HOA VÀNG VỊ SOCOLA 62G,Trục In Ống Đồng,Cây,,Purchase,0,0,0,0,1,0,0,,0,0,0,0,0,0,Không in,,,G1005432,750,570,5,TRANG TÍN,
TRUC-G4014585,TÚI NƯỚC GIẶT XẢ CHAKARI - LOUIS - 12H PREMIUM 3.2KG,Trục NƯỚC GIẶT XẢ CHAKARI LOUIS 12H PREMIUM 3.2KG,Trục In Ống Đồng,Cây,,Purchase,0,0,0,0,1,0,0,,0,0,0,0,0,0,Không in,,,G4014585,850,846,7,TRANG TÍN,
TRUC-G628218,TÚI MÀNG HẠT CHIA,Trục MÀNG HẠT CHIA,Trục In Ống Đồng,Cây,,Purchase,0,0,0,0,1,0,0,,0,0,0,0,0,0,Không in,,,G628218,0,0,5,TRANG TÍN,
TRUC-00151,TÚI NƯỚC GIẶT LUCKY STAR,Trục NƯỚC GIẶT LUCKY STAR,Trục In Ống Đồng,Cây,,Purchase,0,0,0,0,1,0,0,,0,0,0,0,0,0,Không in,,,,0,0,8,VẠN PHÁT,
TRUC-G3000042,TÚI THỨC ĂN CHÓ MÈO 60G ALPHA,Trục THỨC ĂN CHÓ MÈO 60G ALPHA,Trục In Ống Đồng,Cây,,Purchase,0,0,0,0,1,0,0,,0,0,0,0,0,0,Không in,,,G3000042,800,720,9,VẠN PHÁT,
TRUC-E180920,TÚI THỨC ĂN CHÓ MÈO 60G ALPHA,Trục THỨC ĂN CHÓ MÈO 60G ALPHA,Trục In Ống Đồng,Cây,,Purchase,0,0,0,0,1,0,0,,0,0,0,0,0,0,Không in,,,E180920,860,486,6,TRANG TÍN,
TRUC-G496512G8,TÚI CÂY ĐÀN,Trục CÂY ĐÀN,Trục In Ống Đồng,Cây,,Purchase,0,0,0,0,1,0,0,,0,0,0,0,0,0,Không in,,,G496512G8,300,485,1,TUỆ NHI,
TRUC-G3000042-TRAKHACH,TÚI THỨC ĂN CHÓ MÈO 60G ALPHA,Trục THỨC ĂN CHÓ MÈO 60G ALPHA,Trục In Ống Đồng,Cây,,Purchase,0,0,0,0,1,0,0,,0,0,0,0,0,0,Không in,,,G3000042,800,720,9,Đã trả lại khách,
TP-00001,TÚI NƯỚC GIẶT TÍM 1L HƯƠNG ĐẮM SAY,Kovaa Tím 1L Đắm Say,Túi Màng Ghép Đặt Riêng,Túi,KOVAA,Manufacture,3241,0,0,0,1,1,0,,220,0,200,280,55,0,In trục ống đồng,Vòi 16mm,,,0,0,0,,
TP-00002,TÚI NƯỚC GIẶT HỒNG 1L HƯƠNG HOA NẮNG,Kovaa Hồng 1L Hoa Nắng,Túi Màng Ghép Đặt Riêng,Túi,KOVAA,Manufacture,3241,0,0,0,1,1,0,,220,0,200,280,55,0,In trục ống đồng,Vòi 16mm,,,0,0,0,,
TP-00003,TÚI NƯỚC GIẶT ĐA SẮC 2L,Kovaa Đa Sắc 2L,Túi Màng Ghép Đặt Riêng,Túi,KOVAA,Manufacture,4028,0,0,0,1,1,0,PET/PA/PES,220,0,230,310,55,0,In trục ống đồng,Vòi 16mm,,,0,0,0,,
TP-00004,TÚI SAMRAN INS,Samran Ins,Túi Màng Ghép Đặt Riêng,Túi,SAMRAN,Manufacture,852,0,0,0,1,1,0,OPP/CPP,55,0,200,310,0,0,In trục ống đồng,Hàn kín,,,0,0,0,,
TP-00005,TÚI SAMRAN I4-S IN 3 MÀU,Samran I4 S,Túi Màng Ghép Đặt Riêng,Túi,SAMRAN,Manufacture,78704,0,0,0,1,1,0,,30,0,165,190,0,0,In trục ống đồng,Hàn kín,,,0,0,0,,
NVL-00009,Màng PET in 888 Phấn Thơm (PETIN A01),PET In 888 Phấn Thơm,Màng In Ống Đồng,m,,Manufacture,2582,0,0,0,1,0,0,,12,0,0,0,0,0,In trục ống đồng,,,,,0,0,,
NVL-00012,Keo ghép D-9700 (F05),Keo D 9700,Hóa Chất & Keo Ghép,Kg,,Purchase,76680,0,0,0,1,0,1,,0,0,0,0,0,0,Không in,,,,,0,0,,
NVL-00013,Chất đóng rắn CL-3192K (F06),Dong Ran CL 3192k,Hóa Chất & Keo Ghép,Kg,,Purchase,76680,0,0,0,1,0,1,,0,0,0,0,0,0,Không in,,,,,0,0,,
NVL-00014,Dung môi EA (F09),Dung Môi EA,Hóa Chất & Keo Ghép,Kg,,Purchase,29280,0,0,0,1,0,1,,0,0,0,0,0,0,Không in,,,,,0,0,,
NVL-00015,Nắp vòi TQ 16mm (F02),Vòi 16mm,Phụ Kiện Bao Bì,Cái,,Purchase,490,0,0,0,1,0,1,,0,0,0,0,0,0,Không in,Vòi 16mm,,,,0,0,,
NVL-00016,Nắp vòi TQ 10mm (F03),Vòi 10mm,Phụ Kiện Bao Bì,Cái,,Purchase,0,0,0,0,1,0,1,,0,0,0,0,0,0,Không in,Vòi 10mm,,,,0,0,,
NVL-00017,Thùng carton không in (F04),Thùng Không In,Phụ Kiện Bao Bì,Cái,,Purchase,20030,0,0,0,1,0,1,,0,0,0,0,0,0,Không in,,,,,0,0,,
NGCS-00001,TÚI NGCS LOẠI LỚN ĐỎ ĐAM MÊ,NGCS Lớn Đỏ,Túi Nước Giặt Có Sẵn (NGCS),Túi,,Manufacture,0,0,0,0,1,1,0,,0,0,0,0,0,0,In lụa,Vòi 16mm,,,0,0,0,,
NGCS-00002,TÚI NGCS LOẠI LỚN ĐEN ĐAM MÊ,NGCS Lớn Đen,Túi Nước Giặt Có Sẵn (NGCS),Túi,,Manufacture,0,0,0,0,1,1,0,,0,0,0,0,0,0,In lụa,Vòi 16mm,,,0,0,0,,
NGCS-00003,TÚI NGCS LOẠI LỚN VÀNG QUYẾN RŨ,NGCS Lớn Vàng,Túi Nước Giặt Có Sẵn (NGCS),Túi,,Manufacture,0,0,0,0,1,1,0,,0,0,0,0,0,0,In lụa,Vòi 16mm,,,0,0,0,,
NGCS-00004,TÚI NGCS LOẠI LỚN HỒNG ĐAM MÊ,NGCS Lớn Hồng,Túi Nước Giặt Có Sẵn (NGCS),Túi,,Manufacture,0,0,0,0,1,1,0,,0,0,0,0,0,0,In lụa,Vòi 16mm,,,0,0,0,,
NGCS-00005,TÚI NGCS LOẠI LỚN XANH DƯƠNG QUYẾN RŨ,NGCS Lớn Xanh,Túi Nước Giặt Có Sẵn (NGCS),Túi,,Manufacture,0,0,0,0,1,1,0,,0,0,0,0,0,0,In lụa,Vòi 16mm,,,0,0,0,,
NGCS-00006,TÚI NGCS LOẠI LỚN TÍM QUYẾN RŨ,NGCS Lớn Tím,Túi Nước Giặt Có Sẵn (NGCS),Túi,,Manufacture,0,0,0,0,1,1,0,,0,0,0,0,0,0,In lụa,Vòi 16mm,,,0,0,0,,
NGCS-00007,TÚI NGCS THÁI LAN XANH DƯƠNG HOA HỒNG,NGCS Nhỏ Xanh HH,Túi Nước Giặt Có Sẵn (NGCS),Túi,,Manufacture,0,0,0,0,1,1,0,,0,0,0,0,0,0,In lụa,Vòi 16mm,,,0,0,0,,
NGCS-00008,TÚI NGCS THÁI LAN ĐEN CÔ GÁI,NGCS Nhỏ Đen CG,Túi Nước Giặt Có Sẵn (NGCS),Túi,,Manufacture,0,0,0,0,1,1,0,,0,0,0,0,0,0,In lụa,Vòi 16mm,,,0,0,0,,
NGCS-00009,TÚI NGCS THÁI LAN VÀNG CÔ GÁI,NGCS Nhỏ Vàng CG,Túi Nước Giặt Có Sẵn (NGCS),Túi,,Manufacture,0,0,0,0,1,1,0,,0,0,0,0,0,0,In lụa,Vòi 16mm,,,0,0,0,,
NGCS-00010,TÚI NGCS THÁI LAN TRẮNG HOA HỒNG,NGCS Nhỏ Trắng HH,Túi Nước Giặt Có Sẵn (NGCS),Túi,,Manufacture,0,0,0,0,1,1,0,,0,0,0,0,0,0,In lụa,Vòi 16mm,,,0,0,0,,
NGCS-00011,TÚI NGCS MẪU MỚI TÍM,NGCS Trung Tím,Túi Nước Giặt Có Sẵn (NGCS),Túi,,Manufacture,0,0,0,0,1,1,0,,0,0,0,0,0,0,In lụa,Vòi 16mm,,,0,0,0,,
NGCS-00012,TÚI NGCS MẪU MỚI HỒNG,NGCS Trung Hồng,Túi Nước Giặt Có Sẵn (NGCS),Túi,,Manufacture,0,0,0,0,1,1,0,,0,0,0,0,0,0,In lụa,Vòi 16mm,,,0,0,0,,
NGCS-00013,TÚI NGCS LOẠI LỚN XANH DƯƠNG ĐAM MÊ (HOA HỒNG),NGCS Lớn Xanh HH,Túi Nước Giặt Có Sẵn (NGCS),Túi,,Manufacture,0,0,0,0,1,1,0,,0,0,0,0,0,0,In lụa,Vòi 16mm,,,0,0,0,,
NGCS-00014,TÚI TRƠN KHÔNG IN,Túi Trơn,Túi Nước Giặt Có Sẵn (NGCS),Túi,,Manufacture,0,0,0,0,1,1,0,,0,0,0,0,0,0,Không in,Hàn kín,,,0,0,0,,
TP-00011,TÚI NƯỚC GIẶT BABA 3.6KG,BABA 3.6KG,Túi Màng Ghép Đặt Riêng,Túi,BABA,Manufacture,6759,0,0,0,1,1,0,PET/MPET/PA/LLDPE-Trong,230,0,280,380,140,0,In trục ống đồng,Vòi 16mm,,,0,0,0,,
TP-00012,TÚI KEO DÁN GẠCH SUPERGEO 5L,SUPERGEO 5L,Túi Màng Ghép Đặt Riêng,Túi,SUPERGEO,Manufacture,9685,0,0,0,1,1,0,PET/PA/PA/LLDPE-Sữa,240,0,320,340,140,0,In trục ống đồng,Vòi 16mm,,,0,0,0,,
TP-00013,TÚI NƯỚC GIẶT LAMY VÀNG 2KG,LAMY Vàng 2KG,Túi Màng Ghép Đặt Riêng,Túi,LAMY,Manufacture,5056,0,0,0,1,1,0,PET/MPET/PA/LLDPE,200,0,240,320,12,0,In trục ống đồng,Vòi 16mm,,,0,0,0,,
TP-00014,TÚI NƯỚC GIẶT LAMY XANH 2KG,LAMY Xanh 2KG,Túi Màng Ghép Đặt Riêng,Túi,LAMY,Manufacture,5056,0,0,0,1,1,0,PET/MPET/PA/LLDPE,200,0,240,320,12,0,In trục ống đồng,Hàn kín,,,0,0,0,,
TP-00015,TÚI NƯỚC GIẶT CHLOELY 2L,CHLOELY 2L,Túi Màng Ghép Đặt Riêng,Túi,CHLOELY,Manufacture,5074,0,0,0,1,1,0,,210,0,240,300,140,0,In trục ống đồng,Vòi 16mm,,,0,0,0,,
TP-00017,TÚI NƯỚC GIẶT SOFIA 2L,SOFIA 2L,Túi Màng Ghép Đặt Riêng,Túi,SOFIA,Manufacture,5537,0,0,0,1,1,0,,0,0,240,300,140,0,In trục ống đồng,Hàn kín,,,0,0,0,,
TP-00018,TÚI HẠT ĐẬU DINH DƯỠNG SKX,SKX Đậu DD,Túi Màng Ghép Đặt Riêng,Túi,SKX,Manufacture,1290,0,0,0,1,1,0,OPP/PE,160,0,160,235,0,0,In trục ống đồng,Hàn kín,,,0,0,0,,
TMD-00001,Túi HD Sữa Quai Thỏ 30x50,HD Quai Thỏ 30x50,Túi Màng Đơn,Kg,,Purchase,55000,0,0,0,1,1,1,,0,0,300,500,0,0,In lụa,Hàn kín,,,0,0,0,,
TMD-00002,Túi HD Sữa Quai Thỏ 26x43,HD Quai Thỏ 26x43,Túi Màng Đơn,Kg,,Purchase,55000,0,0,0,1,1,1,,0,0,260,430,0,0,In lụa,Hàn kín,,,0,0,0,,
TMD-00003,Túi HD Sữa Quai Thỏ 30x60,HD Quai Thỏ 30x60,Túi Màng Đơn,Kg,,Purchase,55000,0,0,0,1,1,1,,0,0,300,600,0,0,In lụa,Hàn kín,,,0,0,0,,
TMD-00004,Túi PE Hột Xoài Trắng Sữa 20x30,PE Hột Xoài 20x30,Túi Màng Đơn,Kg,,Purchase,60000,0,0,0,1,1,1,,0,0,200,300,0,0,In lụa,Hàn kín,,,0,0,0,,"Đơn Anh Tùng-MTBC An Hữu 03/08/2026: 40Kg x 60.000đ (thành tiền đơn ghi sai, lấy đơn giá)"
TMD-00005,Túi PE Hột Xoài Trắng Sữa 20x30 (Dày),PE Hột Xoài 20x30 Dày,Túi Màng Đơn,Kg,,Purchase,60000,0,0,0,1,1,1,,0,0,200,300,0,0,In lụa,Hàn kín,,,0,0,0,,
TMD-00006,Túi PE Hột Xoài Trắng Sữa 17x22,PE Hột Xoài 17x22,Túi Màng Đơn,Kg,,Purchase,60000,0,0,0,1,1,1,,0,0,170,220,0,0,In lụa,Hàn kín,,,0,0,0,,
TMD-00007,Túi PE Hột Xoài Trắng Sữa 20x30 (Mỏng),PE Hột Xoài 20x30 Mỏng,Túi Màng Đơn,Kg,,Purchase,60000,0,0,0,1,1,1,,0,0,200,300,0,0,In lụa,Hàn kín,,,0,0,0,,
TMD-00008,Túi PE Hột Xoài Trắng Sữa 30x42,PE Hột Xoài 30x42,Túi Màng Đơn,Kg,,Purchase,50000,0,0,0,1,1,1,,0,0,300,420,0,0,In lụa,Hàn kín,,,0,0,0,,
TMD-00009,Túi PE Hột Xoài Trắng Sữa 20x30 (L2),PE Hột Xoài 20x30 L2,Túi Màng Đơn,Kg,,Purchase,70000,0,0,0,1,1,1,,0,0,200,300,0,0,In lụa,Hàn kín,,,0,0,0,,
TMD-00010,Túi PE Hột Xoài Trắng Sữa 20x30 (L3),PE Hột Xoài 20x30 L3,Túi Màng Đơn,Kg,,Purchase,60000,0,0,0,1,1,1,,0,0,200,300,0,0,In lụa,Hàn kín,,,0,0,0,,
TMD-00011,Túi HD Trắng Sữa Xếp Hông 30x20x30,HD Xếp Hông 30x20x30,Túi Màng Đơn,Kg,,Purchase,54000,0,0,0,1,1,1,,0,0,0,0,0,0,In lụa,Hàn kín,,,0,0,0,,
TMD-00012,Túi HD Trắng Sữa 17x25,HD Trắng Sữa 17x25,Túi Màng Đơn,Kg,,Purchase,54000,0,0,0,1,1,1,,0,0,170,250,0,0,In lụa,Hàn kín,,,0,0,0,,
TMD-00013,Túi HD Trắng Sữa 26x40,HD Trắng Sữa 26x40,Túi Màng Đơn,Kg,,Purchase,54000,0,0,0,1,1,1,,0,0,260,400,0,0,In lụa,Hàn kín,,,0,0,0,,
TMD-00014,Túi PP Trong 32x45 7 Zem,PP 32x45 7 Zem,Túi Màng Đơn,Kg,,Purchase,66000,0,0,0,1,1,1,PP,0,0,320,450,0,0,In lụa,Hàn kín,,,0,0,0,,
TP-00019,TÚI HỒ TIÊU NHẬT QUANG TRỊ 500G,Hồ Tiêu NQT 500G,Túi Màng Ghép Đặt Riêng,Túi,NHAT QUANG TRI,Manufacture,0,0,0,0,1,1,0,PET/PE,0,0,560,180,0,0,In trục ống đồng,Hàn kín,,,0,0,0,,
TP-00020,TÚI ĐỰNG NƯỚC GIẶT 888 3.2KG HƯƠNG PHẤN THƠM,888 3.2kg Phấn Thơm,Túi Màng Ghép Đặt Riêng,Túi,888,Manufacture,5580,0,0,0,1,1,0,PET/PA/LLDPE-Sữa,230,0,280,340,150,0,In trục ống đồng,Vòi 16mm,,,0,0,0,,
TP-00021,TÚI XỐT PHÔ MAI TANZY,Tanzy Xốt Phô Mai,Túi Màng Ghép Đặt Riêng,Túi,TANZY,Manufacture,2100,0,0,0,1,1,0,PET/PA/LLDPE-Sữa,150,0,150,220,110,0,In trục ống đồng,Vòi 10mm,,,0,0,0,,
TP-00022,TÚI NƯỚC GIẶT MINH RÂU TÍM 3.2KG,Minh Râu 3.2kg Tím,Túi Màng Ghép Đặt Riêng,Túi,MINH RÂU,Manufacture,0,0,0,0,1,1,0,PET/PA/PES,210,0,280,340,140,0,In trục ống đồng,Vòi 16mm,TRUC-G4005887,G4005887,780,564,6,KIẾN TÂM,
TP-00023,TÚI NƯỚC GIẶT MINH RÂU HỒNG 3.2KG,Minh Râu 3.2kg Hồng,Túi Màng Ghép Đặt Riêng,Túi,MINH RÂU,Manufacture,0,0,0,0,1,1,0,PET/PA/PES,210,0,280,340,140,0,In trục ống đồng,Vòi 16mm,TRUC-G4005883,G4005883,780,564,6,KIẾN TÂM,
NVL-00024,Màng PET in BABA 3.6KG,PET In BABA,Màng In Ống Đồng,m,BABA,Manufacture,0,0,0,0,1,0,0,,12,800,0,0,0,0,In trục ống đồng,,,,0,0,0,,Đơn IGC 1908/VP26 12 màu khổ in 77.4
NVL-00025,Màng PET in LAMY 2KG,PET In LAMY,Màng In Ống Đồng,m,LAMY,Manufacture,0,0,0,0,1,0,0,,12,700,0,0,0,0,In trục ống đồng,,,,0,0,0,,Đơn đặt Lamy DMH-0225166
NVL-00026,Màng PET in TANZY xốt phô mai,PET In TANZY,Màng In Ống Đồng,m,TANZY,Manufacture,0,0,0,0,1,0,0,,12,560,0,0,0,0,In trục ống đồng,,,,0,0,0,,Đơn IGC 1008/VP26 9 màu khổ in 54
NVL-00027,Màng PET in SOFTY 3L nền tím,PET In SOFTY,Màng In Ống Đồng,m,SOFTY,Manufacture,0,0,0,0,1,0,0,,12,720,0,0,0,0,In trục ống đồng,,,,0,0,0,,Đơn IGC 0508/VP26xE 6 màu khổ in 69.4
NVL-00028,Màng PET in NGCS Đỏ Đam Mê Tím Quyến Rũ,PET NGCS Do Tim,Màng In Ống Đồng,m,,Manufacture,0,0,0,0,1,0,0,,12,800,0,0,0,0,In trục ống đồng,,,,0,0,0,,Đơn IGC 0708/VP26 8 màu khổ in 78 — thay NVL-00010
NVL-00029,Màng PET in NGCS Hồng Đam Mê Xanh Quyến Rũ,PET NGCS Hong Xanh,Màng In Ống Đồng,m,,Manufacture,0,0,0,0,1,0,0,,12,800,0,0,0,0,In trục ống đồng,,,,0,0,0,,Đơn IGC 0708/VP26 8 màu khổ in 78 — thay NVL-00011
NVL-00030,Màng PET in 888 Phấn Thơm,PET In 888 Phấn Thơm,Màng In Ống Đồng,m,888,Manufacture,0,0,0,0,1,0,0,,12,850,0,0,0,0,In trục ống đồng,,,,0,0,0,,Mã kho A01 tồn 12000md
TP-00024,TÚI NHÔM 3 BIÊN 20X30 2 MẶT,Nhôm 20x30 2 Mặt,Túi Màng Ghép Đặt Riêng,Kg,TRƯỜNG AN,Manufacture,66941,0,0,0,1,1,0,PET/PE + PET/AL/PE,170,0,200,300,0,0,In trục ống đồng,Hàn kín,,,0,0,0,,Sổ cọc 14/09 Trường An 1000kg
TP-00025,TÚI NHÔM 3 BIÊN 22X32 2 MẶT,Nhôm 22x32 2 Mặt,Túi Màng Ghép Đặt Riêng,Kg,TRƯỜNG AN,Manufacture,66941,0,0,0,1,1,0,PET/PE + PET/AL/PE,170,0,220,320,0,0,In trục ống đồng,Hàn kín,,,0,0,0,,Sổ cọc 14/09 Trường An 1000kg
TP-00026,TÚI NHÔM 3 BIÊN 25X35 2 MẶT,Nhôm 25x35 2 Mặt,Túi Màng Ghép Đặt Riêng,Kg,TRƯỜNG AN,Manufacture,66941,0,0,0,1,1,0,PET/PE + PET/AL/PE,170,0,250,350,0,0,In trục ống đồng,Hàn kín,,,0,0,0,,Sổ cọc 14/09 Trường An 1000kg
TP-00027,TÚI ĐỰNG HẠT NÊM 220G,Hạt Nêm 220G,Túi Màng Ghép Đặt Riêng,Túi,ENZY,Manufacture,2111,0,0,0,1,1,0,,0,0,170,220,0,0,In trục ống đồng,Hàn kín,,,0,0,0,,Sổ cọc 09/12 Enzy 6000 túi
TP-00028,TÚI ĐỰNG HẠT NÊM 450G,Hạt Nêm 450G,Túi Màng Ghép Đặt Riêng,Túi,ENZY,Manufacture,3037,0,0,0,1,1,0,,0,0,200,260,0,0,In trục ống đồng,Hàn kín,,,0,0,0,,Sổ cọc 09/12 Enzy 5000 túi
TP-00029,TÚI ĐỰNG HẠT NÊM 900G,Hạt Nêm 900G,Túi Màng Ghép Đặt Riêng,Túi,ENZY,Manufacture,3963,0,0,0,1,1,0,,0,0,250,300,0,0,In trục ống đồng,Hàn kín,,,0,0,0,,Sổ cọc 09/12 Enzy 4000 túi
TP-00030,TÚI GIA VỊ RẮC CƠM HẢI SẢN,Gia Vị Rắc Cơm,Túi Màng Ghép Đặt Riêng,Túi,ENZY,Manufacture,1315,0,0,0,1,1,0,,0,0,110,170,0,0,In trục ống đồng,Hàn kín,,,0,0,0,,Sổ cọc 09/12 Enzy 9000 túi
TMD-00015,Túi Cây Đàn PE 700Kg,Túi Cây Đàn 700Kg,Túi Màng Đơn,Kg,,Purchase,75000,0,0,0,1,1,1,,0,0,0,0,0,0,Không in,Hàn kín,,,0,0,0,,Sổ cọc 15/08 JNS 700Kg đã giao còn 200kg
TMD-00016,Túi Nệm PE 50x100,Túi Nệm 50x100,Túi Màng Đơn,Kg,,Purchase,72222,0,0,0,1,1,1,,0,0,500,1000,0,0,Không in,Hàn kín,,,0,0,0,,Sổ cọc 03/09 Phong Nguyên 200Kg đặt Trang Tín
NGCS-00015,TÚI NGCS MIGHTY VÀNG 2 LÍT,NGCS Mighty Vàng,Túi Nước Giặt Có Sẵn (NGCS),Túi,,Manufacture,6700,0,0,0,1,1,0,,0,0,0,0,0,0,In lụa,Hàn kín,,,0,0,0,,Sổ cọc 22/08 Phan Gia Bích 1000 túi — mẫu in MIGHTY dùng chung
TP-00031,TÚI NƯỚC GIẶT XẢ TM GROW 4KG HƯƠNG KB QUAI CẦM,TM Grow 4kg KB,Túi Màng Ghép Đặt Riêng,Túi,TM GROW,Manufacture,0,0,0,0,1,1,0,PET/PA/PE,230,0,290,360,140,0,In trục ống đồng,Hàn kín,,,0,0,0,,Chờ SX T9: GROW 18k/9k/9k
TP-00032,TÚI NƯỚC GIẶT TM GROW 4KG HƯƠNG MH QUAI CẦM,TM Grow 4kg MH,Túi Màng Ghép Đặt Riêng,Túi,TM GROW,Manufacture,0,0,0,0,1,1,0,PET/PA/PE,230,0,290,360,140,0,In trục ống đồng,Hàn kín,,,0,0,0,,Chờ SX T9: GROW 18k/9k/9k
TP-00033,TÚI NƯỚC GIẶT TM GROW 4KG HƯƠNG KS QUAI CẦM,TM Grow 4kg KS,Túi Màng Ghép Đặt Riêng,Túi,TM GROW,Manufacture,0,0,0,0,1,1,0,PET/PA/PE,230,0,290,360,140,0,In trục ống đồng,Hàn kín,,,0,0,0,,Chờ SX T9: GROW 18k/9k/9k
TP-00034,TÚI NƯỚC GIẶT MẸ THÍCH 888 KHỔ IN 830,Mẹ Thích 888,Túi Màng Ghép Đặt Riêng,Túi,888,Manufacture,0,0,0,0,1,1,0,PET/PA/PES,230,0,280,340,150,0,In trục ống đồng,Hàn kín,,,0,0,0,,Chờ SX T9 300k túi khổ màng 850
NVL-00031,PHẾ LIỆU MÁY THỔI PE,Phế Thổi PE,Phế Liệu Thu Hồi,Kg,,Manufacture,0,0,0,0,1,1,0,,0,0,0,0,0,0,,,,,0,0,0,,"Mã kho P01: biên màng, đầu cuộn lỗi máy thổi — cost center máy thổi, bán phế."
NVL-00032,PHẾ LIỆU MÀNG GHÉP,Phế Ghép,Phế Liệu Thu Hồi,Kg,,Manufacture,0,0,0,0,1,1,0,,0,0,0,0,0,0,,,,,0,0,0,,"Mã kho P02: đầu cuộn ghép, màng lỗi khâu ghép — Vạn Phát, bán phế."
TP-00035,TÚI NƯỚC GIẶT FUTA TRUE 3KG,Futa True 3kg,Túi Màng Ghép Đặt Riêng,Túi,,Manufacture,0,0,0,0,1,1,0,,0,0,0,0,0,0,,Hàn kín,,,0,0,0,,"Chờ SX T9: TRANG UYÊN FUTA TRUE 10.000 túi, in không trục, đã cọc; trục TRUC-G4013050 (G4013050, Trang Tín giữ)"
